Date/Time, Speed (cm/sec), Dir (true)
2010-07-10 00:00:00, 46.6, 236
2010-07-10 00:06:00, 40.5, 237
2010-07-10 00:12:00, 36.6, 224
2010-07-10 00:18:00, 40.6, 225
2010-07-10 00:24:00, 33.4, 210
2010-07-10 00:30:00, 40.0, 217
2010-07-10 00:36:00, 36.1, 220
2010-07-10 00:42:00, 30.4, 206
2010-07-10 00:48:00, 29.7, 212
2010-07-10 00:54:00, 30.7, 211
2010-07-10 01:00:00, 29.2, 210
2010-07-10 01:06:00, 32.6, 204
2010-07-10 01:12:00, 26.4, 194
2010-07-10 01:18:00, 27.2, 205
2010-07-10 01:24:00, 27.1, 202
2010-07-10 01:30:00, 22.7, 193
2010-07-10 01:36:00, 25.3, 192
2010-07-10 01:42:00, 22.2, 183
2010-07-10 01:48:00, 23.6, 183
2010-07-10 01:54:00, 25.2, 171
2010-07-10 02:00:00, 28.5, 169
2010-07-10 02:06:00, 30.8, 162
2010-07-10 02:12:00, 31.0, 161
2010-07-10 02:18:00, 28.6, 158
2010-07-10 02:24:00, 31.8, 150
2010-07-10 02:30:00, 29.9, 149
2010-07-10 02:36:00, 25.3, 133
2010-07-10 02:42:00, 26.9, 126
2010-07-10 02:48:00, 27.3, 125
2010-07-10 02:54:00, 30.8, 117
2010-07-10 03:00:00, 29.1, 113
2010-07-10 03:06:00, 30.6, 105
2010-07-10 03:12:00, 34.2, 102
2010-07-10 03:18:00, 37.0, 97
2010-07-10 03:24:00, 41.0, 97
2010-07-10 03:30:00, 43.2, 99
2010-07-10 03:36:00, 41.8, 93
2010-07-10 03:42:00, 48.8, 93
2010-07-10 03:48:00, 50.3, 92
2010-07-10 03:54:00, 51.4, 88
2010-07-10 04:00:00, 53.8, 87
2010-07-10 04:06:00, 55.7, 85
2010-07-10 04:12:00, 56.0, 84
2010-07-10 04:18:00, 53.9, 82
2010-07-10 04:24:00, 53.1, 80
2010-07-10 04:30:00, 51.7, 76
2010-07-10 04:36:00, 49.3, 70
2010-07-10 04:42:00, 48.9, 69
2010-07-10 04:48:00, 50.2, 67
2010-07-10 04:54:00, 46.7, 64
2010-07-10 05:00:00, 49.4, 63
2010-07-10 05:06:00, 50.9, 64
2010-07-10 05:12:00, 49.8, 62
2010-07-10 05:18:00, 48.2, 63
2010-07-10 05:24:00, 45.3, 60
2010-07-10 05:30:00, 47.8, 56
2010-07-10 05:36:00, 51.8, 56
2010-07-10 05:42:00, 54.5, 59
2010-07-10 05:48:00, 51.5, 57
2010-07-10 05:54:00, 53.8, 62
2010-07-10 06:00:00, 57.1, 64
2010-07-10 06:06:00, 56.3, 60
2010-07-10 06:12:00, 53.9, 56
2010-07-10 06:18:00, 50.3, 53
2010-07-10 06:24:00, 45.3, 53
2010-07-10 06:30:00, 42.9, 52
2010-07-10 06:36:00, 40.7, 48
2010-07-10 06:42:00, 42.3, 48
2010-07-10 06:48:00, 39.7, 45
2010-07-10 06:54:00, 39.1, 48
2010-07-10 07:00:00, 40.9, 43
2010-07-10 07:06:00, 40.3, 43
2010-07-10 07:12:00, 39.3, 41
2010-07-10 07:18:00, 37.6, 39
2010-07-10 07:24:00, 33.6, 34
2010-07-10 07:30:00, 33.0, 33
2010-07-10 07:36:00, 34.4, 26
2010-07-10 07:42:00, 35.7, 26
2010-07-10 07:48:00, 37.5, 23
2010-07-10 07:54:00, 33.8, 19
2010-07-10 08:00:00, 35.3, 18
2010-07-10 08:06:00, 34.0, 14
2010-07-10 08:12:00, 29.5, 3
2010-07-10 08:18:00, 32.0, 359
2010-07-10 08:24:00, 31.4, 358
2010-07-10 08:30:00, 23.9, 344
2010-07-10 08:36:00, 25.5, 342
2010-07-10 08:42:00, 22.9, 341
2010-07-10 08:48:00, 25.5, 340
2010-07-10 08:54:00, 25.1, 318
2010-07-10 09:00:00, 33.0, 299
2010-07-10 09:06:00, 34.7, 293
2010-07-10 09:12:00, 37.9, 288
2010-07-10 09:18:00, 42.7, 283
2010-07-10 09:24:00, 44.9, 279
2010-07-10 09:30:00, 44.4, 282
2010-07-10 09:36:00, 46.5, 277
2010-07-10 09:42:00, 48.0, 270
2010-07-10 09:48:00, 47.7, 269
2010-07-10 09:54:00, 52.5, 263
2010-07-10 10:00:00, 50.9, 262
2010-07-10 10:06:00, 47.9, 254
2010-07-10 10:12:00, 47.0, 250
2010-07-10 10:18:00, 50.8, 243
2010-07-10 10:24:00, 52.3, 241
2010-07-10 10:30:00, 53.7, 237
2010-07-10 10:36:00, 50.8, 238
2010-07-10 10:42:00, 56.5, 240
2010-07-10 10:48:00, 57.4, 241
2010-07-10 10:54:00, 57.6, 244
2010-07-10 11:00:00, 65.4, 244
2010-07-10 11:06:00, 61.7, 239
2010-07-10 11:12:00, 55.5, 236
2010-07-10 11:18:00, 54.2, 233
2010-07-10 11:24:00, 64.4, 233
2010-07-10 11:30:00, 53.5, 230
2010-07-10 11:36:00, 57.4, 230
2010-07-10 11:42:00, 45.3, 240
2010-07-10 11:48:00, 49.3, 233
2010-07-10 11:54:00, 53.9, 241
2010-07-10 12:00:00, 57.0, 233
2010-07-10 12:06:00, 63.3, 236
2010-07-10 12:12:00, 60.4, 236
2010-07-10 12:18:00, 59.8, 234
2010-07-10 12:24:00, 62.3, 233
2010-07-10 12:30:00, 55.1, 232
2010-07-10 12:36:00, 60.6, 233
2010-07-10 12:42:00, 60.1, 235
2010-07-10 12:48:00, 58.0, 237
2010-07-10 12:54:00, 47.8, 233
2010-07-10 13:00:00, 42.1, 211
2010-07-10 13:06:00, 43.0, 214
2010-07-10 13:12:00, 38.0, 216
2010-07-10 13:18:00, 41.4, 211
2010-07-10 13:24:00, 39.5, 211
2010-07-10 13:30:00, 38.6, 213
2010-07-10 13:36:00, 35.3, 216
2010-07-10 13:42:00, 28.9, 210
2010-07-10 13:48:00, 31.6, 203
2010-07-10 13:54:00, 32.0, 204
2010-07-10 14:00:00, 27.9, 207
2010-07-10 14:06:00, 27.2, 204
2010-07-10 14:12:00, 21.1, 191
2010-07-10 14:18:00, 16.2, 192
2010-07-10 14:24:00, 18.9, 187
2010-07-10 14:30:00, 22.8, 171
2010-07-10 14:36:00, 26.7, 164
2010-07-10 14:42:00, 30.0, 165
2010-07-10 14:48:00, 29.4, 160
2010-07-10 14:54:00, 29.9, 162
2010-07-10 15:00:00, 29.7, 151
2010-07-10 15:06:00, 34.4, 146
2010-07-10 15:12:00, 35.9, 140
2010-07-10 15:18:00, 34.0, 140
2010-07-10 15:24:00, 34.4, 143
2010-07-10 15:30:00, 37.5, 135
2010-07-10 15:36:00, 34.8, 133
2010-07-10 15:42:00, 40.3, 126
2010-07-10 15:48:00, 34.7, 119
2010-07-10 15:54:00, 36.7, 110
2010-07-10 16:00:00, 37.8, 103
2010-07-10 16:06:00, 40.0, 101
2010-07-10 16:12:00, 41.7, 104
2010-07-10 16:18:00, 41.1, 98
2010-07-10 16:24:00, 47.1, 99
2010-07-10 16:30:00, 48.2, 96
2010-07-10 16:36:00, 49.0, 94
2010-07-10 16:42:00, 52.0, 88
2010-07-10 16:48:00, 53.1, 88
2010-07-10 16:54:00, 54.6, 86
2010-07-10 17:00:00, 51.7, 86
2010-07-10 17:06:00, 51.3, 87
2010-07-10 17:12:00, 52.2, 81
2010-07-10 17:18:00, 52.4, 77
2010-07-10 17:24:00, 50.8, 73
2010-07-10 17:30:00, 46.2, 69
2010-07-10 17:36:00, 43.7, 67
2010-07-10 17:42:00, 37.9, 65
2010-07-10 17:48:00, 41.6, 63
2010-07-10 17:54:00, 41.7, 59
2010-07-10 18:00:00, 47.1, 61
2010-07-10 18:06:00, 45.3, 62
2010-07-10 18:12:00, 42.0, 59
2010-07-10 18:18:00, 39.9, 53
2010-07-10 18:24:00, 43.3, 49
2010-07-10 18:30:00, 40.6, 48
2010-07-10 18:36:00, 43.6, 49
2010-07-10 18:42:00, 41.9, 49
2010-07-10 18:48:00, 42.1, 54
2010-07-10 18:54:00, 44.4, 54
2010-07-10 19:00:00, 38.6, 48
2010-07-10 19:06:00, 35.1, 44
2010-07-10 19:12:00, 35.8, 40
2010-07-10 19:18:00, 35.0, 40
2010-07-10 19:24:00, 32.8, 35
2010-07-10 19:30:00, 32.8, 28
2010-07-10 19:36:00, 31.1, 29
2010-07-10 19:42:00, 29.7, 19
2010-07-10 19:48:00, 27.2, 20
2010-07-10 19:54:00, 29.7, 17
2010-07-10 20:00:00, 28.8, 11
2010-07-10 20:06:00, 28.5, 10
2010-07-10 20:12:00, 28.7, 0
2010-07-10 20:18:00, 28.1, 2
2010-07-10 20:24:00, 27.9, 357
2010-07-10 20:30:00, 29.5, 352
2010-07-10 20:36:00, 29.5, 349
2010-07-10 20:42:00, 26.5, 338
2010-07-10 20:48:00, 23.8, 347
2010-07-10 20:54:00, 20.2, 328
2010-07-10 21:00:00, 23.1, 312
2010-07-10 21:06:00, 27.7, 301
2010-07-10 21:12:00, 29.9, 295
2010-07-10 21:18:00, 34.9, 281
2010-07-10 21:24:00, 40.8, 279
2010-07-10 21:30:00, 43.0, 272
2010-07-10 21:36:00, 51.1, 273
2010-07-10 21:42:00, 49.9, 265
2010-07-10 21:48:00, 47.8, 265
2010-07-10 21:54:00, 54.4, 262
2010-07-10 22:00:00, 58.2, 260
2010-07-10 22:06:00, 58.8, 255
2010-07-10 22:12:00, 56.6, 253
2010-07-10 22:18:00, 55.5, 250
2010-07-10 22:24:00, 58.0, 242
2010-07-10 22:30:00, 59.9, 243
2010-07-10 22:36:00, 63.7, 240
2010-07-10 22:42:00, 59.5, 246
2010-07-10 22:48:00, 56.3, 247
2010-07-10 22:54:00, 48.8, 246
2010-07-10 23:00:00, 68.5, 247
2010-07-10 23:06:00, 54.8, 244
2010-07-10 23:12:00, 58.0, 246
2010-07-10 23:18:00, 60.9, 238
2010-07-10 23:24:00, 67.2, 243
2010-07-10 23:30:00, 69.3, 243
2010-07-10 23:36:00, 56.2, 240
2010-07-10 23:42:00, 60.3, 231
2010-07-10 23:48:00, 54.6, 235
2010-07-10 23:54:00, 49.6, 234
2010-07-11 00:00:00, 54.9, 232
2010-07-11 00:06:00, 51.8, 236
2010-07-11 00:12:00, 68.8, 239
2010-07-11 00:18:00, 67.5, 234
2010-07-11 00:24:00, 66.8, 240
2010-07-11 00:30:00, 64.7, 235
2010-07-11 00:36:00, 61.3, 237
2010-07-11 00:42:00, 60.1, 238
2010-07-11 00:48:00, 56.4, 238
2010-07-11 00:54:00, 50.8, 228
2010-07-11 01:00:00, 41.3, 222
2010-07-11 01:06:00, 44.1, 223
2010-07-11 01:12:00, 51.7, 222
2010-07-11 01:18:00, 44.6, 219
2010-07-11 01:24:00, 46.5, 219
2010-07-11 01:30:00, 42.1, 217
2010-07-11 01:36:00, 38.8, 216
2010-07-11 01:42:00, 34.7, 221
2010-07-11 01:48:00, 34.6, 208
2010-07-11 01:54:00, 31.6, 214
2010-07-11 02:00:00, 29.9, 206
2010-07-11 02:06:00, 27.4, 208
2010-07-11 02:12:00, 28.1, 199
2010-07-11 02:18:00, 24.2, 204
2010-07-11 02:24:00, 20.1, 198
2010-07-11 02:30:00, 21.3, 205
2010-07-11 02:36:00, 18.9, 174
2010-07-11 02:42:00, 17.2, 160
2010-07-11 02:48:00, 21.5, 157
2010-07-11 02:54:00, 23.7, 155
2010-07-11 03:00:00, 28.2, 150
2010-07-11 03:06:00, 24.9, 153
2010-07-11 03:12:00, 31.8, 145
2010-07-11 03:18:00, 35.3, 146
2010-07-11 03:24:00, 37.4, 141
2010-07-11 03:30:00, 36.9, 135
2010-07-11 03:36:00, 40.2, 132
2010-07-11 03:42:00, 39.4, 126
2010-07-11 03:48:00, 40.3, 121
2010-07-11 03:54:00, 42.9, 116
2010-07-11 04:00:00, 44.8, 110
2010-07-11 04:06:00, 46.0, 111
2010-07-11 04:12:00, 46.3, 105
2010-07-11 04:18:00, 52.5, 98
2010-07-11 04:24:00, 53.8, 96
2010-07-11 04:30:00, 53.8, 95
2010-07-11 04:36:00, 57.1, 94
2010-07-11 04:42:00, 59.0, 91
2010-07-11 04:48:00, 57.8, 91
2010-07-11 04:54:00, 60.3, 86
2010-07-11 05:00:00, 62.5, 84
2010-07-11 05:06:00, 64.2, 78
2010-07-11 05:12:00, 60.0, 76
2010-07-11 05:18:00, 60.8, 71
2010-07-11 05:24:00, 57.9, 67
2010-07-11 05:30:00, 55.7, 60
2010-07-11 05:36:00, 61.5, 61
2010-07-11 05:42:00, 64.0, 60
2010-07-11 05:48:00, 63.2, 60
2010-07-11 05:54:00, 63.6, 57
2010-07-11 06:00:00, 66.0, 57
2010-07-11 06:06:00, 69.9, 58
2010-07-11 06:12:00, 70.3, 57
2010-07-11 06:18:00, 72.2, 58
2010-07-11 06:24:00, 72.7, 59
2010-07-11 06:30:00, 67.3, 62
2010-07-11 06:36:00, 67.9, 62
2010-07-11 06:42:00, 66.4, 60
2010-07-11 06:48:00, 59.6, 59
2010-07-11 06:54:00, 61.5, 59
2010-07-11 07:00:00, 64.1, 56
2010-07-11 07:06:00, 59.2, 55
2010-07-11 07:12:00, 64.8, 55
2010-07-11 07:18:00, 65.0, 52
2010-07-11 07:24:00, 63.4, 49
2010-07-11 07:30:00, 60.8, 48
2010-07-11 07:36:00, 62.4, 50
2010-07-11 07:42:00, 59.4, 49
2010-07-11 07:48:00, 60.3, 50
2010-07-11 07:54:00, 60.8, 48
2010-07-11 08:00:00, 56.8, 50
2010-07-11 08:06:00, 57.2, 49
2010-07-11 08:12:00, 50.3, 44
2010-07-11 08:18:00, 48.6, 47
2010-07-11 08:24:00, 48.8, 45
2010-07-11 08:30:00, 42.6, 45
2010-07-11 08:36:00, 40.7, 43
2010-07-11 08:42:00, 34.5, 43
2010-07-11 08:48:00, 28.0, 37
2010-07-11 08:54:00, 24.0, 22
2010-07-11 09:00:00, 18.4, 11
2010-07-11 09:06:00, 18.0, 357
2010-07-11 09:12:00, 16.6, 348
2010-07-11 09:18:00, 17.4, 332
2010-07-11 09:24:00, 19.8, 320
2010-07-11 09:30:00, 19.2, 302
2010-07-11 09:36:00, 23.5, 290
2010-07-11 09:42:00, 24.5, 286
2010-07-11 09:48:00, 27.6, 287
2010-07-11 09:54:00, 30.2, 287
2010-07-11 10:00:00, 30.3, 284
2010-07-11 10:06:00, 37.5, 275
2010-07-11 10:12:00, 41.0, 270
2010-07-11 10:18:00, 45.5, 269
2010-07-11 10:24:00, 45.8, 267
2010-07-11 10:30:00, 49.5, 267
2010-07-11 10:36:00, 51.8, 266
2010-07-11 10:42:00, 55.5, 264
2010-07-11 10:48:00, 55.3, 263
2010-07-11 10:54:00, 60.2, 259
2010-07-11 11:00:00, 59.9, 252
2010-07-11 11:06:00, 60.2, 248
2010-07-11 11:12:00, 64.0, 242
2010-07-11 11:18:00, 58.0, 240
2010-07-11 11:24:00, 67.8, 240
2010-07-11 11:30:00, 63.6, 240
2010-07-11 11:36:00, 61.4, 240
2010-07-11 11:42:00, 57.2, 237
2010-07-11 11:48:00, 49.3, 240
2010-07-11 11:54:00, 55.5, 240
2010-07-11 12:00:00, 66.4, 241
2010-07-11 12:06:00, 57.2, 241
2010-07-11 12:12:00, 70.5, 236
2010-07-11 12:18:00, 70.5, 236
2010-07-11 12:24:00, 65.7, 238
2010-07-11 12:30:00, 70.9, 236
2010-07-11 12:36:00, 72.0, 238
2010-07-11 12:42:00, 69.7, 236
2010-07-11 12:48:00, 66.4, 236
2010-07-11 12:54:00, 61.9, 238
2010-07-11 13:00:00, 58.3, 236
2010-07-11 13:06:00, 63.7, 234
2010-07-11 13:12:00, 67.8, 235
2010-07-11 13:18:00, 62.0, 233
2010-07-11 13:24:00, 70.5, 235
2010-07-11 13:30:00, 59.6, 235
2010-07-11 13:36:00, 62.9, 235
2010-07-11 13:42:00, 61.0, 238
2010-07-11 13:48:00, 54.9, 234
2010-07-11 13:54:00, 42.9, 232
2010-07-11 14:00:00, 37.1, 220
2010-07-11 14:06:00, 36.8, 219
2010-07-11 14:12:00, 40.7, 220
2010-07-11 14:18:00, 38.4, 219
2010-07-11 14:24:00, 36.6, 218
2010-07-11 14:30:00, 38.3, 214
2010-07-11 14:36:00, 37.2, 205
2010-07-11 14:42:00, 33.4, 209
2010-07-11 14:48:00, 34.7, 206
2010-07-11 14:54:00, 30.8, 210
2010-07-11 15:00:00, 26.2, 205
2010-07-11 15:06:00, 19.4, 188
2010-07-11 15:12:00, 18.2, 183
2010-07-11 15:18:00, 22.3, 165
2010-07-11 15:24:00, 21.6, 167
2010-07-11 15:30:00, 25.5, 153
2010-07-11 15:36:00, 24.8, 159
2010-07-11 15:42:00, 24.6, 155
2010-07-11 15:48:00, 25.9, 149
2010-07-11 15:54:00, 27.1, 140
2010-07-11 16:00:00, 27.1, 145
2010-07-11 16:06:00, 34.3, 140
2010-07-11 16:12:00, 32.9, 131
2010-07-11 16:18:00, 33.6, 124
2010-07-11 16:24:00, 36.3, 125
2010-07-11 16:30:00, 37.7, 116
2010-07-11 16:36:00, 40.8, 112
2010-07-11 16:42:00, 41.9, 108
2010-07-11 16:48:00, 41.2, 106
2010-07-11 16:54:00, 41.6, 99
2010-07-11 17:00:00, 46.5, 99
2010-07-11 17:06:00, 49.8, 98
2010-07-11 17:12:00, 49.9, 94
2010-07-11 17:18:00, 53.8, 93
2010-07-11 17:24:00, 51.1, 85
2010-07-11 17:30:00, 52.6, 88
2010-07-11 17:36:00, 55.7, 82
2010-07-11 17:42:00, 59.2, 77
2010-07-11 17:48:00, 58.8, 77
2010-07-11 17:54:00, 57.0, 73
2010-07-11 18:00:00, 52.8, 72
2010-07-11 18:06:00, 56.1, 67
2010-07-11 18:12:00, 58.6, 63
2010-07-11 18:18:00, 60.8, 63
2010-07-11 18:24:00, 62.4, 65
2010-07-11 18:30:00, 68.2, 65
2010-07-11 18:36:00, 64.1, 66
2010-07-11 18:42:00, 61.9, 63
2010-07-11 18:48:00, 69.3, 63
2010-07-11 18:54:00, 66.5, 61
2010-07-11 19:00:00, 65.3, 61
2010-07-11 19:06:00, 69.2, 61
2010-07-11 19:12:00, 66.4, 62
2010-07-11 19:18:00, 68.0, 59
2010-07-11 19:24:00, 63.8, 59
2010-07-11 19:30:00, 60.3, 57
2010-07-11 19:36:00, 59.5, 56
2010-07-11 19:42:00, 61.7, 55
2010-07-11 19:48:00, 60.0, 55
2010-07-11 19:54:00, 53.3, 53
2010-07-11 20:00:00, 54.2, 55
2010-07-11 20:06:00, 52.3, 54
2010-07-11 20:12:00, 47.7, 52
2010-07-11 20:18:00, 48.2, 52
2010-07-11 20:24:00, 42.1, 48
2010-07-11 20:30:00, 39.9, 45
2010-07-11 20:36:00, 35.9, 43
2010-07-11 20:42:00, 33.4, 36
2010-07-11 20:48:00, 30.0, 31
2010-07-11 20:54:00, 28.9, 25
2010-07-11 21:00:00, 27.5, 20
2010-07-11 21:06:00, 23.9, 17
2010-07-11 21:12:00, 25.7, 22
2010-07-11 21:18:00, 25.3, 9
2010-07-11 21:24:00, 24.9, 347
2010-07-11 21:30:00, 25.0, 341
2010-07-11 21:36:00, 27.6, 337
2010-07-11 21:42:00, 23.7, 332
2010-07-11 21:48:00, 21.2, 320
2010-07-11 21:54:00, 18.8, 314
2010-07-11 22:00:00, 26.0, 289
2010-07-11 22:06:00, 32.9, 284
2010-07-11 22:12:00, 35.6, 277
2010-07-11 22:18:00, 41.1, 270
2010-07-11 22:24:00, 46.4, 265
2010-07-11 22:30:00, 50.8, 268
2010-07-11 22:36:00, 52.5, 265
2010-07-11 22:42:00, 54.4, 263
2010-07-11 22:48:00, 52.1, 262
2010-07-11 22:54:00, 54.8, 258
2010-07-11 23:00:00, 58.8, 252
2010-07-11 23:06:00, 62.4, 248
2010-07-11 23:12:00, 64.7, 245
2010-07-11 23:18:00, 68.0, 242
2010-07-11 23:24:00, 58.8, 242
2010-07-11 23:30:00, 59.8, 241
2010-07-11 23:36:00, 69.3, 237
2010-07-11 23:42:00, 64.5, 236
2010-07-11 23:48:00, 68.4, 241
2010-07-11 23:54:00, 68.2, 239
2010-07-12 00:00:00, 67.6, 237
2010-07-12 00:06:00, 62.7, 238
2010-07-12 00:12:00, 69.0, 235
2010-07-12 00:18:00, 70.2, 235
2010-07-12 00:24:00, 75.0, 239
2010-07-12 00:30:00, 69.1, 237
2010-07-12 00:36:00, 72.3, 242
2010-07-12 00:42:00, 80.7, 239
2010-07-12 00:48:00, 85.9, 239
2010-07-12 00:54:00, 80.4, 241
2010-07-12 01:00:00, 85.5, 237
2010-07-12 01:06:00, 71.9, 241
2010-07-12 01:12:00, 78.7, 242
2010-07-12 01:18:00, 73.8, 240
2010-07-12 01:24:00, 72.0, 236
2010-07-12 01:30:00, 72.3, 231
2010-07-12 01:36:00, 76.8, 236
2010-07-12 01:42:00, 72.0, 235
2010-07-12 01:48:00, 59.3, 233
2010-07-12 01:54:00, 58.7, 233
2010-07-12 02:00:00, 50.5, 229
2010-07-12 02:06:00, 53.7, 231
2010-07-12 02:12:00, 42.9, 230
2010-07-12 02:18:00, 42.1, 224
2010-07-12 02:24:00, 45.6, 222
2010-07-12 02:30:00, 44.8, 217
2010-07-12 02:36:00, 43.5, 223
2010-07-12 02:42:00, 41.1, 227
2010-07-12 02:48:00, 40.4, 214
2010-07-12 02:54:00, 34.2, 223
2010-07-12 03:00:00, 32.2, 213
2010-07-12 03:06:00, 32.4, 216
2010-07-12 03:12:00, 20.1, 216
2010-07-12 03:18:00, 25.6, 201
2010-07-12 03:24:00, 13.1, 203
2010-07-12 03:30:00, 16.9, 180
2010-07-12 03:36:00, 16.3, 172
2010-07-12 03:42:00, 16.9, 158
2010-07-12 03:48:00, 17.7, 145
2010-07-12 03:54:00, 17.3, 142
2010-07-12 04:00:00, 21.6, 136
2010-07-12 04:06:00, 27.4, 135
2010-07-12 04:12:00, 29.1, 138
2010-07-12 04:18:00, 33.3, 142
2010-07-12 04:24:00, 33.2, 132
2010-07-12 04:30:00, 34.3, 124
2010-07-12 04:36:00, 38.2, 118
2010-07-12 04:42:00, 38.5, 113
2010-07-12 04:48:00, 44.2, 110
2010-07-12 04:54:00, 44.3, 109
2010-07-12 05:00:00, 46.6, 104
2010-07-12 05:06:00, 48.5, 97
2010-07-12 05:12:00, 50.2, 99
2010-07-12 05:18:00, 53.7, 96
2010-07-12 05:24:00, 56.0, 90
2010-07-12 05:30:00, 57.0, 89
2010-07-12 05:36:00, 57.0, 87
2010-07-12 05:42:00, 55.6, 84
2010-07-12 05:48:00, 57.6, 80
2010-07-12 05:54:00, 59.6, 78
2010-07-12 06:00:00, 59.9, 75
2010-07-12 06:06:00, 62.5, 70
2010-07-12 06:12:00, 61.4, 68
2010-07-12 06:18:00, 63.9, 64
2010-07-12 06:24:00, 70.8, 64
2010-07-12 06:30:00, 74.6, 66
2010-07-12 06:36:00, 72.5, 64
2010-07-12 06:42:00, 74.3, 66
2010-07-12 06:48:00, 73.2, 66
2010-07-12 06:54:00, 72.7, 63
2010-07-12 07:00:00, 70.1, 65
2010-07-12 07:06:00, 75.3, 66
2010-07-12 07:12:00, 72.2, 65
2010-07-12 07:18:00, 73.7, 64
2010-07-12 07:24:00, 76.5, 65
2010-07-12 07:30:00, 74.1, 61
2010-07-12 07:36:00, 71.2, 61
2010-07-12 07:42:00, 71.0, 59
2010-07-12 07:48:00, 71.8, 58
2010-07-12 07:54:00, 72.7, 57
2010-07-12 08:00:00, 71.0, 57
2010-07-12 08:06:00, 69.0, 58
2010-07-12 08:12:00, 67.7, 57
2010-07-12 08:18:00, 61.3, 56
2010-07-12 08:24:00, 63.2, 56
2010-07-12 08:30:00, 57.0, 55
2010-07-12 08:36:00, 56.1, 53
2010-07-12 08:42:00, 48.8, 52
2010-07-12 08:48:00, 51.7, 52
2010-07-12 08:54:00, 43.6, 53
2010-07-12 09:00:00, 48.0, 53
2010-07-12 09:06:00, 42.7, 54
2010-07-12 09:12:00, 41.2, 51
2010-07-12 09:18:00, 36.5, 51
2010-07-12 09:24:00, 32.4, 55
2010-07-12 09:30:00, 27.2, 47
2010-07-12 09:36:00, 25.7, 48
2010-07-12 09:42:00, 15.7, 34
2010-07-12 09:48:00, 15.2, 3
2010-07-12 09:54:00, 16.6, 2
2010-07-12 10:00:00, 19.2, 353
2010-07-12 10:06:00, 15.5, 354
2010-07-12 10:12:00, 17.3, 334
2010-07-12 10:18:00, 19.9, 320
2010-07-12 10:24:00, 24.7, 311
2010-07-12 10:30:00, 27.9, 305
2010-07-12 10:36:00, 30.2, 287
2010-07-12 10:42:00, 32.0, 289
2010-07-12 10:48:00, 38.7, 281
2010-07-12 10:54:00, 41.8, 280
2010-07-12 11:00:00, 41.9, 269
2010-07-12 11:06:00, 48.8, 270
2010-07-12 11:12:00, 51.4, 263
2010-07-12 11:18:00, 50.4, 264
2010-07-12 11:24:00, 55.6, 261
2010-07-12 11:30:00, 60.6, 257
2010-07-12 11:36:00, 63.6, 253
2010-07-12 11:42:00, 59.5, 253
2010-07-12 11:48:00, 60.0, 249
2010-07-12 11:54:00, 66.0, 247
2010-07-12 12:00:00, 60.3, 242
2010-07-12 12:06:00, 63.6, 244
2010-07-12 12:12:00, 61.9, 244
2010-07-12 12:18:00, 67.8, 241
2010-07-12 12:24:00, 71.1, 240
2010-07-12 12:30:00, 66.8, 235
2010-07-12 12:36:00, 61.5, 239
2010-07-12 12:42:00, 67.8, 232
2010-07-12 12:48:00, 62.8, 239
2010-07-12 12:54:00, 62.6, 234
2010-07-12 13:00:00, 68.4, 236
2010-07-12 13:06:00, 70.4, 234
2010-07-12 13:12:00, 66.9, 237
2010-07-12 13:18:00, 78.4, 234
2010-07-12 13:24:00, 82.3, 233
2010-07-12 13:30:00, 79.8, 234
2010-07-12 13:36:00, 74.6, 238
2010-07-12 13:42:00, 76.4, 239
2010-07-12 13:48:00, 73.1, 239
2010-07-12 13:54:00, 69.4, 241
2010-07-12 14:00:00, 71.2, 237
2010-07-12 14:06:00, 65.1, 240
2010-07-12 14:12:00, 68.2, 233
2010-07-12 14:18:00, 68.4, 234
2010-07-12 14:24:00, 67.7, 235
2010-07-12 14:30:00, 63.3, 231
2010-07-12 14:36:00, 60.6, 235
2010-07-12 14:42:00, 49.7, 231
2010-07-12 14:48:00, 48.4, 227
2010-07-12 14:54:00, 48.6, 226
2010-07-12 15:00:00, 48.0, 218
2010-07-12 15:06:00, 44.6, 221
2010-07-12 15:12:00, 38.7, 217
2010-07-12 15:18:00, 44.9, 218
2010-07-12 15:24:00, 36.3, 216
2010-07-12 15:30:00, 40.7, 226
2010-07-12 15:36:00, 29.3, 209
2010-07-12 15:42:00, 27.1, 222
2010-07-12 15:48:00, 21.7, 208
2010-07-12 15:54:00, 20.4, 209
2010-07-12 16:00:00, 17.4, 188
2010-07-12 16:06:00, 20.0, 177
2010-07-12 16:12:00, 18.7, 165
2010-07-12 16:18:00, 18.0, 150
2010-07-12 16:24:00, 19.3, 141
2010-07-12 16:30:00, 22.1, 139
2010-07-12 16:36:00, 22.5, 138
2010-07-12 16:42:00, 28.3, 143
2010-07-12 16:48:00, 26.9, 136
2010-07-12 16:54:00, 32.1, 137
2010-07-12 17:00:00, 33.0, 133
2010-07-12 17:06:00, 34.7, 129
2010-07-12 17:12:00, 36.3, 120
2010-07-12 17:18:00, 39.7, 119
2010-07-12 17:24:00, 43.9, 112
2010-07-12 17:30:00, 44.6, 107
2010-07-12 17:36:00, 44.1, 100
2010-07-12 17:42:00, 51.0, 97
2010-07-12 17:48:00, 52.3, 99
2010-07-12 17:54:00, 51.7, 93
2010-07-12 18:00:00, 55.0, 92
2010-07-12 18:06:00, 52.9, 89
2010-07-12 18:12:00, 52.8, 86
2010-07-12 18:18:00, 53.2, 83
2010-07-12 18:24:00, 57.4, 79
2010-07-12 18:30:00, 61.8, 76
2010-07-12 18:36:00, 60.9, 74
2010-07-12 18:42:00, 56.4, 70
2010-07-12 18:48:00, 59.9, 63
2010-07-12 18:54:00, 64.2, 65
2010-07-12 19:00:00, 69.9, 66
2010-07-12 19:06:00, 68.8, 64
2010-07-12 19:12:00, 70.1, 66
2010-07-12 19:18:00, 72.6, 64
2010-07-12 19:24:00, 69.3, 64
2010-07-12 19:30:00, 68.8, 64
2010-07-12 19:36:00, 74.0, 62
2010-07-12 19:42:00, 73.3, 61
2010-07-12 19:48:00, 71.6, 61
2010-07-12 19:54:00, 73.6, 60
2010-07-12 20:00:00, 70.1, 61
2010-07-12 20:06:00, 71.0, 63
2010-07-12 20:12:00, 70.3, 61
2010-07-12 20:18:00, 67.6, 62
2010-07-12 20:24:00, 63.6, 64
2010-07-12 20:30:00, 64.6, 65
2010-07-12 20:36:00, 64.2, 60
2010-07-12 20:42:00, 64.5, 62
2010-07-12 20:48:00, 56.9, 61
2010-07-12 20:54:00, 55.0, 59
2010-07-12 21:00:00, 50.9, 56
2010-07-12 21:06:00, 49.5, 55
2010-07-12 21:12:00, 46.1, 53
2010-07-12 21:18:00, 41.3, 53
2010-07-12 21:24:00, 36.9, 47
2010-07-12 21:30:00, 35.9, 44
2010-07-12 21:36:00, 34.8, 44
2010-07-12 21:42:00, 27.6, 39
2010-07-12 21:48:00, 23.0, 28
2010-07-12 21:54:00, 22.0, 19
2010-07-12 22:00:00, 23.0, 24
2010-07-12 22:06:00, 18.3, 14
2010-07-12 22:12:00, 19.5, 346
2010-07-12 22:18:00, 17.9, 332
2010-07-12 22:24:00, 21.3, 305
2010-07-12 22:30:00, 25.1, 301
2010-07-12 22:36:00, 27.8, 302
2010-07-12 22:42:00, 32.9, 292
2010-07-12 22:48:00, 35.3, 282
2010-07-12 22:54:00, 37.9, 281
2010-07-12 23:00:00, 42.8, 279
2010-07-12 23:06:00, 47.9, 273
2010-07-12 23:12:00, 49.8, 272
2010-07-12 23:18:00, 53.1, 265
2010-07-12 23:24:00, 56.9, 264
2010-07-12 23:30:00, 59.0, 263
2010-07-12 23:36:00, 59.6, 260
2010-07-12 23:42:00, 62.1, 260
2010-07-12 23:48:00, 62.0, 254
2010-07-12 23:54:00, 63.2, 253
2010-07-13 00:00:00, 66.7, 252
2010-07-13 00:06:00, 67.0, 249
2010-07-13 00:12:00, 69.3, 245
2010-07-13 00:18:00, 65.3, 239
2010-07-13 00:24:00, 71.6, 243
2010-07-13 00:30:00, 63.8, 240
2010-07-13 00:36:00, 72.8, 237
2010-07-13 00:42:00, 76.1, 242
2010-07-13 00:48:00, 68.8, 238
2010-07-13 00:54:00, 68.9, 240
2010-07-13 01:00:00, 64.6, 239
2010-07-13 01:06:00, 74.3, 239
2010-07-13 01:12:00, 67.1, 243
2010-07-13 01:18:00, 75.4, 241
2010-07-13 01:24:00, 77.2, 239
2010-07-13 01:30:00, 77.8, 236
2010-07-13 01:36:00, 70.9, 238
2010-07-13 01:42:00, 74.3, 238
2010-07-13 01:48:00, 76.4, 237
2010-07-13 01:54:00, 76.1, 234
2010-07-13 02:00:00, 78.4, 238
2010-07-13 02:06:00, 76.0, 239
2010-07-13 02:12:00, 68.2, 241
2010-07-13 02:18:00, 67.9, 236
2010-07-13 02:24:00, 64.4, 236
2010-07-13 02:30:00, 75.0, 237
2010-07-13 02:36:00, 78.0, 237
2010-07-13 02:42:00, 62.4, 236
2010-07-13 02:48:00, 66.6, 235
2010-07-13 02:54:00, 61.1, 232
2010-07-13 03:00:00, 62.0, 231
2010-07-13 03:06:00, 55.6, 232
2010-07-13 03:12:00, 55.8, 232
2010-07-13 03:18:00, 50.6, 222
2010-07-13 03:24:00, 41.9, 221
2010-07-13 03:30:00, 39.7, 222
2010-07-13 03:36:00, 40.6, 223
2010-07-13 03:42:00, 38.9, 211
2010-07-13 03:48:00, 37.9, 217
2010-07-13 03:54:00, 27.7, 214
2010-07-13 04:00:00, 27.7, 205
2010-07-13 04:06:00, 22.8, 202
2010-07-13 04:12:00, 19.5, 192
2010-07-13 04:18:00, 20.1, 195
2010-07-13 04:24:00, 18.1, 169
2010-07-13 04:30:00, 18.4, 172
2010-07-13 04:36:00, 15.2, 160
2010-07-13 04:42:00, 15.1, 146
2010-07-13 04:48:00, 15.4, 132
2010-07-13 04:54:00, 19.9, 121
2010-07-13 05:00:00, 21.9, 128
2010-07-13 05:06:00, 26.9, 131
2010-07-13 05:12:00, 27.6, 128
2010-07-13 05:18:00, 30.1, 123
2010-07-13 05:24:00, 35.5, 115
2010-07-13 05:30:00, 36.6, 110
2010-07-13 05:36:00, 43.1, 111
2010-07-13 05:42:00, 44.2, 107
2010-07-13 05:48:00, 45.1, 104
2010-07-13 05:54:00, 45.6, 98
2010-07-13 06:00:00, 50.2, 93
2010-07-13 06:06:00, 56.3, 93
2010-07-13 06:12:00, 55.4, 92
2010-07-13 06:18:00, 58.6, 90
2010-07-13 06:24:00, 62.0, 86
2010-07-13 06:30:00, 60.4, 84
2010-07-13 06:36:00, 62.5, 79
2010-07-13 06:42:00, 64.3, 77
2010-07-13 06:48:00, 64.5, 73
2010-07-13 06:54:00, 60.6, 69
2010-07-13 07:00:00, 62.7, 69
2010-07-13 07:06:00, 66.5, 64
2010-07-13 07:12:00, 68.2, 64
2010-07-13 07:18:00, 72.8, 66
2010-07-13 07:24:00, 74.6, 66
2010-07-13 07:30:00, 74.7, 64
2010-07-13 07:36:00, 73.8, 64
2010-07-13 07:42:00, 74.5, 64
2010-07-13 07:48:00, 78.3, 63
2010-07-13 07:54:00, 79.9, 64
2010-07-13 08:00:00, 79.7, 63
2010-07-13 08:06:00, 81.7, 62
2010-07-13 08:12:00, 76.3, 63
2010-07-13 08:18:00, 79.1, 64
2010-07-13 08:24:00, 77.4, 65
2010-07-13 08:30:00, 74.3, 63
2010-07-13 08:36:00, 76.1, 62
2010-07-13 08:42:00, 76.0, 61
2010-07-13 08:48:00, 74.9, 63
2010-07-13 08:54:00, 70.4, 61
2010-07-13 09:00:00, 67.6, 59
2010-07-13 09:06:00, 65.1, 58
2010-07-13 09:12:00, 62.2, 57
2010-07-13 09:18:00, 61.8, 55
2010-07-13 09:24:00, 61.8, 56
2010-07-13 09:30:00, 54.7, 53
2010-07-13 09:36:00, 50.5, 54
2010-07-13 09:42:00, 47.5, 52
2010-07-13 09:48:00, 46.7, 52
2010-07-13 09:54:00, 45.7, 51
2010-07-13 10:00:00, 42.5, 51
2010-07-13 10:06:00, 38.6, 50
2010-07-13 10:12:00, 35.1, 48
2010-07-13 10:18:00, 34.4, 48
2010-07-13 10:24:00, 29.7, 44
2010-07-13 10:30:00, 26.5, 39
2010-07-13 10:36:00, 22.1, 32
2010-07-13 10:42:00, 15.6, 338
2010-07-13 10:48:00, 20.2, 352
2010-07-13 10:54:00, 19.7, 342
2010-07-13 11:00:00, 16.8, 330
2010-07-13 11:06:00, 17.4, 319
2010-07-13 11:12:00, 21.2, 304
2010-07-13 11:18:00, 23.2, 290
2010-07-13 11:24:00, 24.5, 281
2010-07-13 11:30:00, 32.5, 272
2010-07-13 11:36:00, 42.0, 269
2010-07-13 11:42:00, 49.1, 267
2010-07-13 11:48:00, 53.9, 264
2010-07-13 11:54:00, 58.0, 265
2010-07-13 12:00:00, 58.2, 261
2010-07-13 12:06:00, 58.8, 264
2010-07-13 12:12:00, 62.4, 261
2010-07-13 12:18:00, 60.4, 262
2010-07-13 12:24:00, 61.0, 260
2010-07-13 12:30:00, 66.4, 258
2010-07-13 12:36:00, 67.8, 250
2010-07-13 12:42:00, 66.3, 250
2010-07-13 12:48:00, 76.9, 245
2010-07-13 12:54:00, 76.6, 241
2010-07-13 13:00:00, 74.8, 241
2010-07-13 13:06:00, 75.6, 241
2010-07-13 13:12:00, 72.5, 241
2010-07-13 13:18:00, 75.7, 240
2010-07-13 13:24:00, 76.9, 237
2010-07-13 13:30:00, 79.5, 240
2010-07-13 13:36:00, 81.9, 236
2010-07-13 13:42:00, 83.3, 241
2010-07-13 13:48:00, 79.4, 236
2010-07-13 13:54:00, 75.8, 238
2010-07-13 14:00:00, 74.5, 236
2010-07-13 14:06:00, 87.3, 237
2010-07-13 14:12:00, 78.5, 233
2010-07-13 14:18:00, 74.3, 235
2010-07-13 14:24:00, 75.8, 237
2010-07-13 14:30:00, 81.2, 239
2010-07-13 14:36:00, 74.9, 235
2010-07-13 14:42:00, 73.6, 234
2010-07-13 14:48:00, 69.0, 236
2010-07-13 14:54:00, 69.0, 236
2010-07-13 15:00:00, 68.0, 234
2010-07-13 15:06:00, 68.9, 237
2010-07-13 15:12:00, 74.4, 235
2010-07-13 15:18:00, 71.6, 239
2010-07-13 15:24:00, 64.4, 237
2010-07-13 15:30:00, 63.2, 235
2010-07-13 15:36:00, 53.5, 225
2010-07-13 15:42:00, 52.8, 231
2010-07-13 15:48:00, 50.8, 227
2010-07-13 15:54:00, 52.1, 224
2010-07-13 16:00:00, 50.7, 225
2010-07-13 16:06:00, 41.8, 214
2010-07-13 16:12:00, 40.2, 222
2010-07-13 16:18:00, 42.2, 221
2010-07-13 16:24:00, 38.3, 221
2010-07-13 16:30:00, 34.6, 217
2010-07-13 16:36:00, 25.1, 207
2010-07-13 16:42:00, 23.0, 201
2010-07-13 16:48:00, 21.7, 194
2010-07-13 16:54:00, 21.5, 190
2010-07-13 17:00:00, 16.3, 158
2010-07-13 17:06:00, 15.3, 153
2010-07-13 17:12:00, 16.0, 144
2010-07-13 17:18:00, 18.4, 123
2010-07-13 17:24:00, 21.6, 134
2010-07-13 17:30:00, 27.6, 129
2010-07-13 17:36:00, 25.6, 132
2010-07-13 17:42:00, 29.3, 128
2010-07-13 17:48:00, 35.1, 122
2010-07-13 17:54:00, 36.0, 115
2010-07-13 18:00:00, 39.8, 118
2010-07-13 18:06:00, 42.5, 112
2010-07-13 18:12:00, 44.7, 110
2010-07-13 18:18:00, 42.9, 101
2010-07-13 18:24:00, 47.1, 104
2010-07-13 18:30:00, 53.2, 97
2010-07-13 18:36:00, 59.2, 96
2010-07-13 18:42:00, 57.1, 99
2010-07-13 18:48:00, 56.6, 92
2010-07-13 18:54:00, 56.3, 89
2010-07-13 19:00:00, 59.2, 86
2010-07-13 19:06:00, 59.1, 82
2010-07-13 19:12:00, 62.6, 77
2010-07-13 19:18:00, 59.7, 73
2010-07-13 19:24:00, 60.3, 72
2010-07-13 19:30:00, 58.1, 68
2010-07-13 19:36:00, 63.2, 64
2010-07-13 19:42:00, 65.5, 64
2010-07-13 19:48:00, 70.0, 63
2010-07-13 19:54:00, 72.5, 66
2010-07-13 20:00:00, 75.7, 68
2010-07-13 20:06:00, 76.0, 69
2010-07-13 20:12:00, 74.2, 66
2010-07-13 20:18:00, 75.7, 66
2010-07-13 20:24:00, 75.2, 68
2010-07-13 20:30:00, 77.2, 68
2010-07-13 20:36:00, 75.8, 66
2010-07-13 20:42:00, 72.8, 66
2010-07-13 20:48:00, 69.4, 68
2010-07-13 20:54:00, 70.6, 65
2010-07-13 21:00:00, 70.1, 63
2010-07-13 21:06:00, 68.2, 61
2010-07-13 21:12:00, 63.9, 61
2010-07-13 21:18:00, 65.8, 60
2010-07-13 21:24:00, 65.0, 62
2010-07-13 21:30:00, 66.3, 60
2010-07-13 21:36:00, 61.4, 59
2010-07-13 21:42:00, 59.6, 57
2010-07-13 21:48:00, 56.8, 56
2010-07-13 21:54:00, 54.9, 55
2010-07-13 22:00:00, 49.6, 55
2010-07-13 22:06:00, 47.2, 53
2010-07-13 22:12:00, 45.9, 52
2010-07-13 22:18:00, 43.2, 49
2010-07-13 22:24:00, 40.1, 48
2010-07-13 22:30:00, 32.2, 45
2010-07-13 22:36:00, 31.2, 41
2010-07-13 22:42:00, 26.2, 45
2010-07-13 22:48:00, 18.9, 24
2010-07-13 22:54:00, 19.4, 24
2010-07-13 23:00:00, 19.7, 16
2010-07-13 23:06:00, 15.4, 2
2010-07-13 23:12:00, 13.2, 332
2010-07-13 23:18:00, 18.3, 313
2010-07-13 23:24:00, 23.7, 308
2010-07-13 23:30:00, 28.0, 289
2010-07-13 23:36:00, 30.3, 282
2010-07-13 23:42:00, 34.9, 279
2010-07-13 23:48:00, 38.2, 279
2010-07-13 23:54:00, 41.5, 276
2010-07-14 00:00:00, 49.1, 271
2010-07-14 00:06:00, 54.0, 266
2010-07-14 00:12:00, 51.9, 268
2010-07-14 00:18:00, 56.9, 263
2010-07-14 00:24:00, 60.2, 262
2010-07-14 00:30:00, 63.1, 260
2010-07-14 00:36:00, 63.4, 253
2010-07-14 00:42:00, 59.7, 253
2010-07-14 00:48:00, 62.6, 250
2010-07-14 00:54:00, 65.8, 253
2010-07-14 01:00:00, 67.2, 248
2010-07-14 01:06:00, 77.3, 249
2010-07-14 01:12:00, 71.0, 241
2010-07-14 01:18:00, 65.6, 241
2010-07-14 01:24:00, 76.0, 242
2010-07-14 01:30:00, 76.2, 238
2010-07-14 01:36:00, 69.1, 240
2010-07-14 01:42:00, 79.5, 237
2010-07-14 01:48:00, 79.9, 237
2010-07-14 01:54:00, 81.6, 238
2010-07-14 02:00:00, 78.8, 241
2010-07-14 02:06:00, 72.5, 238
2010-07-14 02:12:00, 72.8, 241
2010-07-14 02:18:00, 75.1, 237
2010-07-14 02:24:00, 78.5, 237
2010-07-14 02:30:00, 74.7, 238
2010-07-14 02:36:00, 72.1, 238
2010-07-14 02:42:00, 77.3, 239
2010-07-14 02:48:00, 76.4, 240
2010-07-14 02:54:00, 78.2, 239
2010-07-14 03:00:00, 85.7, 239
2010-07-14 03:06:00, 73.8, 240
2010-07-14 03:12:00, 61.3, 243
2010-07-14 03:18:00, 80.0, 241
2010-07-14 03:24:00, 60.7, 237
2010-07-14 03:30:00, 69.3, 236
2010-07-14 03:36:00, 71.6, 238
2010-07-14 03:42:00, 69.7, 230
2010-07-14 03:48:00, 63.9, 236
2010-07-14 03:54:00, 44.9, 232
2010-07-14 04:00:00, 45.5, 230
2010-07-14 04:06:00, 42.6, 227
2010-07-14 04:12:00, 37.7, 222
2010-07-14 04:18:00, 43.5, 226
2010-07-14 04:24:00, 40.5, 218
2010-07-14 04:30:00, 38.5, 224
2010-07-14 04:36:00, 38.0, 222
2010-07-14 04:42:00, 33.4, 215
2010-07-14 04:48:00, 33.5, 209
2010-07-14 04:54:00, 27.6, 207
2010-07-14 05:00:00, 24.8, 200
2010-07-14 05:06:00, 18.0, 197
2010-07-14 05:12:00, 12.3, 189
2010-07-14 05:18:00, 15.9, 175
2010-07-14 05:24:00, 15.4, 171
2010-07-14 05:30:00, 13.9, 151
2010-07-14 05:36:00, 16.7, 126
2010-07-14 05:42:00, 21.3, 135
2010-07-14 05:48:00, 25.5, 133
2010-07-14 05:54:00, 28.3, 130
2010-07-14 06:00:00, 30.5, 124
2010-07-14 06:06:00, 32.0, 120
2010-07-14 06:12:00, 40.1, 115
2010-07-14 06:18:00, 38.8, 114
2010-07-14 06:24:00, 41.1, 109
2010-07-14 06:30:00, 41.9, 104
2010-07-14 06:36:00, 46.4, 108
2010-07-14 06:42:00, 46.0, 105
2010-07-14 06:48:00, 47.2, 98
2010-07-14 06:54:00, 53.6, 98
2010-07-14 07:00:00, 54.8, 96
2010-07-14 07:06:00, 57.6, 92
2010-07-14 07:12:00, 55.4, 88
2010-07-14 07:18:00, 55.8, 87
2010-07-14 07:24:00, 60.2, 80
2010-07-14 07:30:00, 60.9, 76
2010-07-14 07:36:00, 60.7, 75
2010-07-14 07:42:00, 60.7, 70
2010-07-14 07:48:00, 60.5, 70
2010-07-14 07:54:00, 64.8, 69
2010-07-14 08:00:00, 65.4, 64
2010-07-14 08:06:00, 70.5, 67
2010-07-14 08:12:00, 71.6, 65
2010-07-14 08:18:00, 70.5, 65
2010-07-14 08:24:00, 75.2, 64
2010-07-14 08:30:00, 72.3, 66
2010-07-14 08:36:00, 74.4, 65
2010-07-14 08:42:00, 78.1, 67
2010-07-14 08:48:00, 82.8, 66
2010-07-14 08:54:00, 77.0, 63
2010-07-14 09:00:00, 82.9, 64
2010-07-14 09:06:00, 78.7, 65
2010-07-14 09:12:00, 75.4, 64
2010-07-14 09:18:00, 76.6, 61
2010-07-14 09:24:00, 73.2, 61
2010-07-14 09:30:00, 72.6, 62
2010-07-14 09:36:00, 72.9, 62
2010-07-14 09:42:00, 72.9, 61
2010-07-14 09:48:00, 67.9, 60
2010-07-14 09:54:00, 66.3, 56
2010-07-14 10:00:00, 63.0, 58
2010-07-14 10:06:00, 62.3, 53
2010-07-14 10:12:00, 55.6, 57
2010-07-14 10:18:00, 56.5, 56
2010-07-14 10:24:00, 49.8, 55
2010-07-14 10:30:00, 48.8, 54
2010-07-14 10:36:00, 45.1, 53
2010-07-14 10:42:00, 42.6, 50
2010-07-14 10:48:00, 41.1, 49
2010-07-14 10:54:00, 39.7, 54
2010-07-14 11:00:00, 40.1, 50
2010-07-14 11:06:00, 35.0, 52
2010-07-14 11:12:00, 29.9, 46
2010-07-14 11:18:00, 31.3, 52
2010-07-14 11:24:00, 22.8, 44
2010-07-14 11:30:00, 18.0, 30
2010-07-14 11:36:00, 10.7, 356
2010-07-14 11:42:00, 19.5, 329
2010-07-14 11:48:00, 24.1, 343
2010-07-14 11:54:00, 22.4, 331
2010-07-14 12:00:00, 23.0, 323
2010-07-14 12:06:00, 23.2, 304
2010-07-14 12:12:00, 24.8, 297
2010-07-14 12:18:00, 32.0, 283
2010-07-14 12:24:00, 38.9, 273
2010-07-14 12:30:00, 39.8, 274
2010-07-14 12:36:00, 43.0, 270
2010-07-14 12:42:00, 46.7, 267
2010-07-14 12:48:00, 48.1, 266
2010-07-14 12:54:00, 50.8, 263
2010-07-14 13:00:00, 58.8, 261
2010-07-14 13:06:00, 59.9, 261
2010-07-14 13:12:00, 59.1, 258
2010-07-14 13:18:00, 60.9, 256
2010-07-14 13:24:00, 64.4, 249
2010-07-14 13:30:00, 64.4, 245
2010-07-14 13:36:00, 68.6, 243
2010-07-14 13:42:00, 60.7, 241
2010-07-14 13:48:00, 65.1, 241
2010-07-14 13:54:00, 73.2, 241
2010-07-14 14:00:00, 71.4, 239
2010-07-14 14:06:00, 71.5, 234
2010-07-14 14:12:00, 66.5, 230
2010-07-14 14:18:00, 64.2, 236
2010-07-14 14:24:00, 68.7, 236
2010-07-14 14:30:00, 71.3, 235
2010-07-14 14:36:00, 75.6, 238
2010-07-14 14:42:00, 79.9, 234
2010-07-14 14:48:00, 77.5, 234
2010-07-14 14:54:00, 76.6, 237
2010-07-14 15:00:00, 81.7, 235
2010-07-14 15:06:00, 73.5, 234
2010-07-14 15:12:00, 76.0, 237
2010-07-14 15:18:00, 73.6, 236
2010-07-14 15:24:00, 80.9, 237
2010-07-14 15:30:00, 72.4, 240
2010-07-14 15:36:00, 77.1, 235
2010-07-14 15:42:00, 73.9, 239
2010-07-14 15:48:00, 72.6, 235
2010-07-14 15:54:00, 69.2, 232
2010-07-14 16:00:00, 76.0, 234
2010-07-14 16:06:00, 72.3, 235
2010-07-14 16:12:00, 65.6, 235
2010-07-14 16:18:00, 63.9, 234
2010-07-14 16:24:00, 60.6, 233
2010-07-14 16:30:00, 65.7, 238
2010-07-14 16:36:00, 59.7, 238
2010-07-14 16:42:00, 53.3, 228
2010-07-14 16:48:00, 49.2, 230
2010-07-14 16:54:00, 46.6, 232
2010-07-14 17:00:00, 49.2, 229
2010-07-14 17:06:00, 52.4, 232
2010-07-14 17:12:00, 42.0, 242
2010-07-14 17:18:00, 31.6, 229
2010-07-14 17:24:00, 29.7, 215
2010-07-14 17:30:00, 26.2, 207
2010-07-14 17:36:00, 23.3, 218
2010-07-14 17:42:00, 21.2, 213
2010-07-14 17:48:00, 15.9, 207
2010-07-14 17:54:00, 14.9, 204
2010-07-14 18:00:00, 10.2, 198
2010-07-14 18:06:00, 16.2, 122
2010-07-14 18:12:00, 19.4, 126
2010-07-14 18:18:00, 21.1, 124
2010-07-14 18:24:00, 22.3, 124
2010-07-14 18:30:00, 24.6, 114
2010-07-14 18:36:00, 24.9, 116
2010-07-14 18:42:00, 29.3, 112
2010-07-14 18:48:00, 31.9, 109
2010-07-14 18:54:00, 34.2, 111
2010-07-14 19:00:00, 39.3, 113
2010-07-14 19:06:00, 41.9, 105
2010-07-14 19:12:00, 42.8, 102
2010-07-14 19:18:00, 52.5, 100
2010-07-14 19:24:00, 58.2, 99
2010-07-14 19:30:00, 56.8, 97
2010-07-14 19:36:00, 57.3, 95
2010-07-14 19:42:00, 58.3, 89
2010-07-14 19:48:00, 56.4, 84
2010-07-14 19:54:00, 61.4, 83
2010-07-14 20:00:00, 60.2, 82
2010-07-14 20:06:00, 62.8, 76
2010-07-14 20:12:00, 65.2, 74
2010-07-14 20:18:00, 62.3, 73
2010-07-14 20:24:00, 64.8, 69
2010-07-14 20:30:00, 69.4, 67
2010-07-14 20:36:00, 74.4, 68
2010-07-14 20:42:00, 74.7, 68
2010-07-14 20:48:00, 76.6, 70
2010-07-14 20:54:00, 78.2, 66
2010-07-14 21:00:00, 74.9, 66
2010-07-14 21:06:00, 73.2, 65
2010-07-14 21:12:00, 76.8, 64
2010-07-14 21:18:00, 82.0, 64
2010-07-14 21:24:00, 79.0, 63
2010-07-14 21:30:00, 84.1, 64
2010-07-14 21:36:00, 82.0, 65
2010-07-14 21:42:00, 75.8, 65
2010-07-14 21:48:00, 80.4, 64
2010-07-14 21:54:00, 78.4, 65
2010-07-14 22:00:00, 75.0, 63
2010-07-14 22:06:00, 73.0, 61
2010-07-14 22:12:00, 67.5, 62
2010-07-14 22:18:00, 65.2, 63
2010-07-14 22:24:00, 59.9, 61
2010-07-14 22:30:00, 60.7, 60
2010-07-14 22:36:00, 56.8, 60
2010-07-14 22:42:00, 56.3, 61
2010-07-14 22:48:00, 53.7, 61
2010-07-14 22:54:00, 45.1, 58
2010-07-14 23:00:00, 43.3, 59
2010-07-14 23:06:00, 39.1, 58
2010-07-14 23:12:00, 31.8, 53
2010-07-14 23:18:00, 27.7, 50
2010-07-14 23:24:00, 24.9, 43
2010-07-14 23:30:00, 19.6, 32
2010-07-14 23:36:00, 15.9, 26
2010-07-14 23:42:00, 16.4, 11
2010-07-14 23:48:00, 14.1, 6
2010-07-14 23:54:00, 13.1, 351
2010-07-15 00:00:00, 20.0, 329
2010-07-15 00:06:00, 20.5, 325
2010-07-15 00:12:00, 24.8, 313
2010-07-15 00:18:00, 24.8, 306
2010-07-15 00:24:00, 24.5, 287
2010-07-15 00:30:00, 24.9, 292
2010-07-15 00:36:00, 30.3, 289
2010-07-15 00:42:00, 31.8, 283
2010-07-15 00:48:00, 36.9, 275
2010-07-15 00:54:00, 44.0, 272
2010-07-15 01:00:00, 50.1, 267
2010-07-15 01:06:00, 51.1, 264
2010-07-15 01:12:00, 54.8, 262
2010-07-15 01:18:00, 57.7, 261
2010-07-15 01:24:00, 57.8, 264
2010-07-15 01:30:00, 59.5, 257
2010-07-15 01:36:00, 62.9, 254
2010-07-15 01:42:00, 68.3, 250
2010-07-15 01:48:00, 69.7, 250
2010-07-15 01:54:00, 70.8, 246
2010-07-15 02:00:00, 61.3, 243
2010-07-15 02:06:00, 63.3, 242
2010-07-15 02:12:00, 69.8, 238
2010-07-15 02:18:00, 68.6, 239
2010-07-15 02:24:00, 63.0, 241
2010-07-15 02:30:00, 63.4, 233
2010-07-15 02:36:00, 76.8, 240
2010-07-15 02:42:00, 73.2, 235
2010-07-15 02:48:00, 70.8, 233
2010-07-15 02:54:00, 70.2, 236
2010-07-15 03:00:00, 73.5, 236
2010-07-15 03:06:00, 74.1, 237
2010-07-15 03:12:00, 80.3, 234
2010-07-15 03:18:00, 74.6, 236
2010-07-15 03:24:00, 79.5, 236
2010-07-15 03:30:00, 84.4, 236
2010-07-15 03:36:00, 79.1, 234
2010-07-15 03:42:00, 75.8, 237
2010-07-15 03:48:00, 71.6, 230
2010-07-15 03:54:00, 66.5, 239
2010-07-15 04:00:00, 67.4, 235
2010-07-15 04:06:00, 73.0, 236
2010-07-15 04:12:00, 64.1, 233
2010-07-15 04:18:00, 65.1, 236
2010-07-15 04:24:00, 67.0, 235
2010-07-15 04:30:00, 66.5, 237
2010-07-15 04:36:00, 64.3, 236
2010-07-15 04:42:00, 55.6, 229
2010-07-15 04:48:00, 51.0, 234
2010-07-15 04:54:00, 56.9, 232
2010-07-15 05:00:00, 44.6, 233
2010-07-15 05:06:00, 36.7, 225
2010-07-15 05:12:00, 38.7, 215
2010-07-15 05:18:00, 33.4, 223
2010-07-15 05:24:00, 33.4, 221
2010-07-15 05:30:00, 32.8, 218
2010-07-15 05:36:00, 27.7, 208
2010-07-15 05:42:00, 25.0, 209
2010-07-15 05:48:00, 25.5, 211
2010-07-15 05:54:00, 25.2, 212
2010-07-15 06:00:00, 20.0, 202
2010-07-15 06:06:00, 13.7, 209
2010-07-15 06:12:00, 8.5, 167
2010-07-15 06:18:00, 16.2, 152
2010-07-15 06:24:00, 15.0, 140
2010-07-15 06:30:00, 12.8, 144
2010-07-15 06:36:00, 21.1, 130
2010-07-15 06:42:00, 23.3, 121
2010-07-15 06:48:00, 24.6, 119
2010-07-15 06:54:00, 25.3, 124
2010-07-15 07:00:00, 29.2, 113
2010-07-15 07:06:00, 31.6, 115
2010-07-15 07:12:00, 34.2, 112
2010-07-15 07:18:00, 40.4, 106
2010-07-15 07:24:00, 40.2, 100
2010-07-15 07:30:00, 41.7, 101
2010-07-15 07:36:00, 44.7, 104
2010-07-15 07:42:00, 51.3, 101
2010-07-15 07:48:00, 52.1, 98
2010-07-15 07:54:00, 58.4, 94
2010-07-15 08:00:00, 60.6, 89
2010-07-15 08:06:00, 58.5, 87
2010-07-15 08:12:00, 57.2, 83
2010-07-15 08:18:00, 63.2, 81
2010-07-15 08:24:00, 64.1, 78
2010-07-15 08:30:00, 65.2, 75
2010-07-15 08:36:00, 62.2, 74
2010-07-15 08:42:00, 65.1, 70
2010-07-15 08:48:00, 61.8, 67
2010-07-15 08:54:00, 65.6, 67
2010-07-15 09:00:00, 67.9, 66
2010-07-15 09:06:00, 73.0, 65
2010-07-15 09:12:00, 76.5, 66
2010-07-15 09:18:00, 78.8, 66
2010-07-15 09:24:00, 80.6, 64
2010-07-15 09:30:00, 82.9, 65
2010-07-15 09:36:00, 78.8, 66
2010-07-15 09:42:00, 80.2, 65
2010-07-15 09:48:00, 83.3, 67
2010-07-15 09:54:00, 81.5, 66
2010-07-15 10:00:00, 75.6, 62
2010-07-15 10:06:00, 73.6, 64
2010-07-15 10:12:00, 71.7, 62
2010-07-15 10:18:00, 70.1, 62
2010-07-15 10:24:00, 69.6, 63
2010-07-15 10:30:00, 68.7, 60
2010-07-15 10:36:00, 71.6, 61
2010-07-15 10:42:00, 63.5, 67
2010-07-15 10:48:00, 58.8, 65
2010-07-15 10:54:00, 52.2, 65
2010-07-15 11:00:00, 48.3, 64
2010-07-15 11:06:00, 48.2, 62
2010-07-15 11:12:00, 40.0, 57
2010-07-15 11:18:00, 37.8, 50
2010-07-15 11:24:00, 41.5, 47
2010-07-15 11:30:00, 39.6, 48
2010-07-15 11:36:00, 36.9, 46
2010-07-15 11:42:00, 37.9, 42
2010-07-15 11:48:00, 34.6, 43
2010-07-15 11:54:00, 29.9, 40
2010-07-15 12:00:00, 27.4, 39
2010-07-15 12:06:00, 24.4, 33
2010-07-15 12:12:00, 18.5, 25
2010-07-15 12:18:00, 17.3, 2
2010-07-15 12:24:00, 20.5, 349
2010-07-15 12:30:00, 20.0, 344
2010-07-15 12:36:00, 20.0, 331
2010-07-15 12:42:00, 19.9, 320
2010-07-15 12:48:00, 21.2, 306
2010-07-15 12:54:00, 24.0, 295
2010-07-15 13:00:00, 29.3, 288
2010-07-15 13:06:00, 32.0, 286
2010-07-15 13:12:00, 37.5, 281
2010-07-15 13:18:00, 40.0, 277
2010-07-15 13:24:00, 48.8, 274
2010-07-15 13:30:00, 49.1, 267
2010-07-15 13:36:00, 49.9, 267
2010-07-15 13:42:00, 56.1, 264
2010-07-15 13:48:00, 60.3, 263
2010-07-15 13:54:00, 62.1, 260
2010-07-15 14:00:00, 65.4, 259
2010-07-15 14:06:00, 66.6, 255
2010-07-15 14:12:00, 68.2, 251
2010-07-15 14:18:00, 67.3, 247
2010-07-15 14:24:00, 65.4, 244
2010-07-15 14:30:00, 63.2, 241
2010-07-15 14:36:00, 61.0, 239
2010-07-15 14:42:00, 68.2, 242
2010-07-15 14:48:00, 67.9, 239
2010-07-15 14:54:00, 65.2, 241
2010-07-15 15:00:00, 78.2, 237
2010-07-15 15:06:00, 63.2, 234
2010-07-15 15:12:00, 66.1, 235
2010-07-15 15:18:00, 78.5, 235
2010-07-15 15:24:00, 80.5, 236
2010-07-15 15:30:00, 77.3, 236
2010-07-15 15:36:00, 88.2, 240
2010-07-15 15:42:00, 73.9, 234
2010-07-15 15:48:00, 83.8, 236
2010-07-15 15:54:00, 74.1, 238
2010-07-15 16:00:00, 80.7, 237
2010-07-15 16:06:00, 74.3, 236
2010-07-15 16:12:00, 76.4, 238
2010-07-15 16:18:00, 80.3, 237
2010-07-15 16:24:00, 76.9, 237
2010-07-15 16:30:00, 70.3, 232
2010-07-15 16:36:00, 74.2, 235
2010-07-15 16:42:00, 76.6, 237
2010-07-15 16:48:00, 71.4, 235
2010-07-15 16:54:00, 79.9, 239
2010-07-15 17:00:00, 68.9, 237
2010-07-15 17:06:00, 68.5, 237
2010-07-15 17:12:00, 70.7, 234
2010-07-15 17:18:00, 65.2, 240
2010-07-15 17:24:00, 60.6, 239
2010-07-15 17:30:00, 50.1, 234
2010-07-15 17:36:00, 61.3, 237
2010-07-15 17:42:00, 59.4, 238
2010-07-15 17:48:00, 50.9, 236
2010-07-15 17:54:00, 46.5, 233
2010-07-15 18:00:00, 38.7, 233
2010-07-15 18:06:00, 37.2, 228
2010-07-15 18:12:00, 32.6, 230
2010-07-15 18:18:00, 30.9, 233
2010-07-15 18:24:00, 24.7, 219
2010-07-15 18:30:00, 17.1, 206
2010-07-15 18:36:00, 15.2, 202
2010-07-15 18:42:00, 14.3, 181
2010-07-15 18:48:00, 11.2, 170
2010-07-15 18:54:00, 12.6, 138
2010-07-15 19:00:00, 16.4, 118
2010-07-15 19:06:00, 17.9, 115
2010-07-15 19:12:00, 14.6, 79
2010-07-15 19:18:00, 19.0, 100
2010-07-15 19:24:00, 26.3, 100
2010-07-15 19:30:00, 27.7, 95
2010-07-15 19:36:00, 29.9, 94
2010-07-15 19:42:00, 34.9, 92
2010-07-15 19:48:00, 39.1, 89
2010-07-15 19:54:00, 40.5, 98
2010-07-15 20:00:00, 47.1, 97
2010-07-15 20:06:00, 48.1, 94
2010-07-15 20:12:00, 53.1, 90
2010-07-15 20:18:00, 55.6, 94
2010-07-15 20:24:00, 52.3, 88
2010-07-15 20:30:00, 58.3, 87
2010-07-15 20:36:00, 59.7, 88
2010-07-15 20:42:00, 63.0, 88
2010-07-15 20:48:00, 67.9, 81
2010-07-15 20:54:00, 66.5, 78
2010-07-15 21:00:00, 65.2, 80
2010-07-15 21:06:00, 68.8, 74
2010-07-15 21:12:00, 70.3, 71
2010-07-15 21:18:00, 67.8, 69
2010-07-15 21:24:00, 71.4, 67
2010-07-15 21:30:00, 72.3, 67
2010-07-15 21:36:00, 76.3, 68
2010-07-15 21:42:00, 76.2, 68
2010-07-15 21:48:00, 76.3, 65
2010-07-15 21:54:00, 77.0, 64
2010-07-15 22:00:00, 79.6, 63
2010-07-15 22:06:00, 78.3, 62
2010-07-15 22:12:00, 81.9, 64
2010-07-15 22:18:00, 76.4, 62
2010-07-15 22:24:00, 78.1, 61
2010-07-15 22:30:00, 74.8, 62
2010-07-15 22:36:00, 74.7, 61
2010-07-15 22:42:00, 76.1, 63
2010-07-15 22:48:00, 71.1, 64
2010-07-15 22:54:00, 70.8, 66
2010-07-15 23:00:00, 73.1, 70
2010-07-15 23:06:00, 72.9, 66
2010-07-15 23:12:00, 69.2, 66
2010-07-15 23:18:00, 65.4, 66
2010-07-15 23:24:00, 61.8, 66
2010-07-15 23:30:00, 55.7, 66
2010-07-15 23:36:00, 49.2, 65
2010-07-15 23:42:00, 53.7, 64
2010-07-15 23:48:00, 46.7, 62
2010-07-15 23:54:00, 44.9, 60
2010-07-16 00:00:00, 39.6, 60
2010-07-16 00:06:00, 35.9, 54
2010-07-16 00:12:00, 32.6, 46
2010-07-16 00:18:00, 24.0, 43
2010-07-16 00:24:00, 19.3, 38
2010-07-16 00:30:00, 15.4, 25
2010-07-16 00:36:00, 10.2, 22
2010-07-16 00:42:00, 11.2, 6
2010-07-16 00:48:00, 11.7, 338
2010-07-16 00:54:00, 11.3, 315
2010-07-16 01:00:00, 14.4, 297
2010-07-16 01:06:00, 21.5, 291
2010-07-16 01:12:00, 22.0, 289
2010-07-16 01:18:00, 21.5, 281
2010-07-16 01:24:00, 27.6, 279
2010-07-16 01:30:00, 28.3, 274
2010-07-16 01:36:00, 34.5, 272
2010-07-16 01:42:00, 40.2, 275
2010-07-16 01:48:00, 43.5, 271
2010-07-16 01:54:00, 47.6, 271
2010-07-16 02:00:00, 50.5, 274
2010-07-16 02:06:00, 51.3, 268
2010-07-16 02:12:00, 55.5, 262
2010-07-16 02:18:00, 57.4, 261
2010-07-16 02:24:00, 59.2, 259
2010-07-16 02:30:00, 61.8, 258
2010-07-16 02:36:00, 63.3, 258
2010-07-16 02:42:00, 62.5, 254
2010-07-16 02:48:00, 61.6, 251
2010-07-16 02:54:00, 62.9, 250
2010-07-16 03:00:00, 65.8, 247
2010-07-16 03:06:00, 64.7, 244
2010-07-16 03:12:00, 60.5, 243
2010-07-16 03:18:00, 61.9, 244
2010-07-16 03:24:00, 67.3, 243
2010-07-16 03:30:00, 62.8, 241
2010-07-16 03:36:00, 70.3, 235
2010-07-16 03:42:00, 68.6, 233
2010-07-16 03:48:00, 71.0, 233
2010-07-16 03:54:00, 76.1, 236
2010-07-16 04:00:00, 79.9, 237
2010-07-16 04:06:00, 70.0, 235
2010-07-16 04:12:00, 71.3, 236
2010-07-16 04:18:00, 76.3, 234
2010-07-16 04:24:00, 77.2, 236
2010-07-16 04:30:00, 75.5, 238
2010-07-16 04:36:00, 82.0, 236
2010-07-16 04:42:00, 73.5, 238
2010-07-16 04:48:00, 73.9, 237
2010-07-16 04:54:00, 62.8, 236
2010-07-16 05:00:00, 62.9, 238
2010-07-16 05:06:00, 61.3, 238
2010-07-16 05:12:00, 69.9, 237
2010-07-16 05:18:00, 63.2, 238
2010-07-16 05:24:00, 61.1, 242
2010-07-16 05:30:00, 68.5, 235
2010-07-16 05:36:00, 58.8, 237
2010-07-16 05:42:00, 57.4, 235
2010-07-16 05:48:00, 52.3, 242
2010-07-16 05:54:00, 48.6, 236
2010-07-16 06:00:00, 50.8, 232
2010-07-16 06:06:00, 44.7, 233
2010-07-16 06:12:00, 39.2, 235
2010-07-16 06:18:00, 28.6, 223
2010-07-16 06:24:00, 26.8, 233
2010-07-16 06:30:00, 21.8, 212
2010-07-16 06:36:00, 18.8, 210
2010-07-16 06:42:00, 17.6, 205
2010-07-16 06:48:00, 13.2, 212
2010-07-16 06:54:00, 10.2, 173
2010-07-16 07:00:00, 13.7, 140
2010-07-16 07:06:00, 15.4, 162
2010-07-16 07:12:00, 13.2, 129
2010-07-16 07:18:00, 11.8, 129
2010-07-16 07:24:00, 15.0, 121
2010-07-16 07:30:00, 21.4, 130
2010-07-16 07:36:00, 20.9, 118
2010-07-16 07:42:00, 25.1, 114
2010-07-16 07:48:00, 27.3, 113
2010-07-16 07:54:00, 31.3, 102
2010-07-16 08:00:00, 36.5, 109
2010-07-16 08:06:00, 37.1, 106
2010-07-16 08:12:00, 34.4, 104
2010-07-16 08:18:00, 41.0, 102
2010-07-16 08:24:00, 42.1, 102
2010-07-16 08:30:00, 45.1, 96
2010-07-16 08:36:00, 50.8, 98
2010-07-16 08:42:00, 54.9, 95
2010-07-16 08:48:00, 56.4, 90
2010-07-16 08:54:00, 60.4, 89
2010-07-16 09:00:00, 61.5, 86
2010-07-16 09:06:00, 62.7, 80
2010-07-16 09:12:00, 64.1, 82
2010-07-16 09:18:00, 63.4, 76
2010-07-16 09:24:00, 61.6, 73
2010-07-16 09:30:00, 62.9, 74
2010-07-16 09:36:00, 63.9, 71
2010-07-16 09:42:00, 67.4, 70
2010-07-16 09:48:00, 68.4, 67
2010-07-16 09:54:00, 68.1, 68
2010-07-16 10:00:00, 70.1, 65
2010-07-16 10:06:00, 69.7, 62
2010-07-16 10:12:00, 77.6, 62
2010-07-16 10:18:00, 79.2, 61
2010-07-16 10:24:00, 80.3, 64
2010-07-16 10:30:00, 75.8, 64
2010-07-16 10:36:00, 77.4, 66
2010-07-16 10:42:00, 81.4, 64
2010-07-16 10:48:00, 75.7, 68
2010-07-16 10:54:00, 77.7, 64
2010-07-16 11:00:00, 71.3, 67
2010-07-16 11:06:00, 68.9, 66
2010-07-16 11:12:00, 69.3, 65
2010-07-16 11:18:00, 65.8, 64
2010-07-16 11:24:00, 65.9, 66
2010-07-16 11:30:00, 59.6, 67
2010-07-16 11:36:00, 57.6, 65
2010-07-16 11:42:00, 59.9, 67
2010-07-16 11:48:00, 56.1, 63
2010-07-16 11:54:00, 54.2, 59
2010-07-16 12:00:00, 48.9, 56
2010-07-16 12:06:00, 44.4, 57
2010-07-16 12:12:00, 41.4, 57
2010-07-16 12:18:00, 39.5, 54
2010-07-16 12:24:00, 36.1, 50
2010-07-16 12:30:00, 27.4, 46
2010-07-16 12:36:00, 28.6, 38
2010-07-16 12:42:00, 21.9, 34
2010-07-16 12:48:00, 21.5, 19
2010-07-16 12:54:00, 19.0, 18
2010-07-16 13:00:00, 17.1, 352
2010-07-16 13:06:00, 18.6, 355
2010-07-16 13:12:00, 15.5, 341
2010-07-16 13:18:00, 17.7, 326
2010-07-16 13:24:00, 18.9, 328
2010-07-16 13:30:00, 19.2, 312
2010-07-16 13:36:00, 21.9, 291
2010-07-16 13:42:00, 23.6, 284
2010-07-16 13:48:00, 30.6, 272
2010-07-16 13:54:00, 33.6, 270
2010-07-16 14:00:00, 42.3, 265
2010-07-16 14:06:00, 46.1, 264
2010-07-16 14:12:00, 50.0, 263
2010-07-16 14:18:00, 54.9, 264
2010-07-16 14:24:00, 56.7, 266
2010-07-16 14:30:00, 60.8, 265
2010-07-16 14:36:00, 61.9, 264
2010-07-16 14:42:00, 65.0, 264
2010-07-16 14:48:00, 65.5, 261
2010-07-16 14:54:00, 63.8, 259
2010-07-16 15:00:00, 66.7, 255
2010-07-16 15:06:00, 64.7, 249
2010-07-16 15:12:00, 62.8, 249
2010-07-16 15:18:00, 64.5, 247
2010-07-16 15:24:00, 67.7, 244
2010-07-16 15:30:00, 65.6, 244
2010-07-16 15:36:00, 67.0, 241
2010-07-16 15:42:00, 72.1, 241
2010-07-16 15:48:00, 65.6, 239
2010-07-16 15:54:00, 63.5, 239
2010-07-16 16:00:00, 68.6, 237
2010-07-16 16:06:00, 69.1, 236
2010-07-16 16:12:00, 76.7, 239
2010-07-16 16:18:00, 73.8, 237
2010-07-16 16:24:00, 77.0, 235
2010-07-16 16:30:00, 74.2, 237
2010-07-16 16:36:00, 74.8, 237
2010-07-16 16:42:00, 78.1, 237
2010-07-16 16:48:00, 79.2, 235
2010-07-16 16:54:00, 83.8, 238
2010-07-16 17:00:00, 80.4, 239
2010-07-16 17:06:00, 72.2, 235
2010-07-16 17:12:00, 71.6, 238
2010-07-16 17:18:00, 75.6, 234
2010-07-16 17:24:00, 71.5, 238
2010-07-16 17:30:00, 77.6, 237
2010-07-16 17:36:00, 70.9, 239
2010-07-16 17:42:00, 69.5, 240
2010-07-16 17:48:00, 78.5, 242
2010-07-16 17:54:00, 72.7, 241
2010-07-16 18:00:00, 71.4, 239
2010-07-16 18:06:00, 70.0, 238
2010-07-16 18:12:00, 60.8, 238
2010-07-16 18:18:00, 68.5, 235
2010-07-16 18:24:00, 51.5, 229
2010-07-16 18:30:00, 43.1, 228
2010-07-16 18:36:00, 44.0, 232
2010-07-16 18:42:00, 43.7, 238
2010-07-16 18:48:00, 37.9, 236
2010-07-16 18:54:00, 33.8, 233
2010-07-16 19:00:00, 39.0, 229
2010-07-16 19:06:00, 30.6, 228
2010-07-16 19:12:00, 24.2, 233
2010-07-16 19:18:00, 28.5, 237
2010-07-16 19:24:00, 28.7, 240
2010-07-16 19:30:00, 18.4, 236
2010-07-16 19:36:00, 10.2, 217
2010-07-16 19:42:00, 7.2, 186
2010-07-16 19:48:00, 7.5, 200
2010-07-16 19:54:00, 3.1, 141
2010-07-16 20:00:00, 6.4, 80
2010-07-16 20:06:00, 15.2, 76
2010-07-16 20:12:00, 16.5, 79
2010-07-16 20:18:00, 20.1, 78
2010-07-16 20:24:00, 25.1, 91
2010-07-16 20:30:00, 30.2, 106
2010-07-16 20:36:00, 33.3, 98
2010-07-16 20:42:00, 30.8, 96
2010-07-16 20:48:00, 39.2, 95
2010-07-16 20:54:00, 45.2, 94
2010-07-16 21:00:00, 45.7, 98
2010-07-16 21:06:00, 48.3, 94
2010-07-16 21:12:00, 50.4, 92
2010-07-16 21:18:00, 51.5, 91
2010-07-16 21:24:00, 54.1, 92
2010-07-16 21:30:00, 52.6, 88
2010-07-16 21:36:00, 54.0, 85
2010-07-16 21:42:00, 52.7, 84
2010-07-16 21:48:00, 56.8, 80
2010-07-16 21:54:00, 57.3, 77
2010-07-16 22:00:00, 59.4, 77
2010-07-16 22:06:00, 59.8, 74
2010-07-16 22:12:00, 60.3, 71
2010-07-16 22:18:00, 59.9, 69
2010-07-16 22:24:00, 64.1, 69
2010-07-16 22:30:00, 68.9, 68
2010-07-16 22:36:00, 65.2, 67
2010-07-16 22:42:00, 70.6, 64
2010-07-16 22:48:00, 70.4, 63
2010-07-16 22:54:00, 74.7, 63
2010-07-16 23:00:00, 76.4, 60
2010-07-16 23:06:00, 76.1, 63
2010-07-16 23:12:00, 76.7, 62
2010-07-16 23:18:00, 75.4, 63
2010-07-16 23:24:00, 72.9, 62
2010-07-16 23:30:00, 70.8, 62
2010-07-16 23:36:00, 66.3, 63
2010-07-16 23:42:00, 68.8, 59
2010-07-16 23:48:00, 62.7, 60
2010-07-16 23:54:00, 63.5, 61
2010-07-17 00:00:00, 56.9, 59
2010-07-17 00:06:00, 59.6, 60
2010-07-17 00:12:00, 55.0, 62
2010-07-17 00:18:00, 55.0, 56
2010-07-17 00:24:00, 49.7, 56
2010-07-17 00:30:00, 44.1, 55
2010-07-17 00:36:00, 43.8, 52
2010-07-17 00:42:00, 43.5, 50
2010-07-17 00:48:00, 41.6, 50
2010-07-17 00:54:00, 39.1, 49
2010-07-17 01:00:00, 35.7, 46
2010-07-17 01:06:00, 33.5, 46
2010-07-17 01:12:00, 32.3, 42
2010-07-17 01:18:00, 26.4, 37
2010-07-17 01:24:00, 24.1, 39
2010-07-17 01:30:00, 21.7, 26
2010-07-17 01:36:00, 20.5, 22
2010-07-17 01:42:00, 17.4, 1
2010-07-17 01:48:00, 14.4, 334
2010-07-17 01:54:00, 16.6, 327
2010-07-17 02:00:00, 18.7, 333
2010-07-17 02:06:00, 16.4, 315
2010-07-17 02:12:00, 19.4, 309
2010-07-17 02:18:00, 20.1, 297
2010-07-17 02:24:00, 26.6, 286
2010-07-17 02:30:00, 30.3, 274
2010-07-17 02:36:00, 33.8, 272
2010-07-17 02:42:00, 39.6, 267
2010-07-17 02:48:00, 41.2, 263
2010-07-17 02:54:00, 42.1, 258
2010-07-17 03:00:00, 50.1, 263
2010-07-17 03:06:00, 50.3, 262
2010-07-17 03:12:00, 54.1, 264
2010-07-17 03:18:00, 55.8, 265
2010-07-17 03:24:00, 58.2, 264
2010-07-17 03:30:00, 58.6, 266
2010-07-17 03:36:00, 58.0, 264
2010-07-17 03:42:00, 59.9, 263
2010-07-17 03:48:00, 61.0, 258
2010-07-17 03:54:00, 56.8, 251
2010-07-17 04:00:00, 53.8, 249
2010-07-17 04:06:00, 60.3, 244
2010-07-17 04:12:00, 57.1, 242
2010-07-17 04:18:00, 61.3, 245
2010-07-17 04:24:00, 61.9, 241
2010-07-17 04:30:00, 62.3, 245
2010-07-17 04:36:00, 62.0, 239
2010-07-17 04:42:00, 54.6, 239
2010-07-17 04:48:00, 66.6, 236
2010-07-17 04:54:00, 70.3, 236
2010-07-17 05:00:00, 61.9, 239
2010-07-17 05:06:00, 67.9, 236
2010-07-17 05:12:00, 63.6, 235
2010-07-17 05:18:00, 54.5, 235
2010-07-17 05:24:00, 67.0, 237
2010-07-17 05:30:00, 67.5, 235
2010-07-17 05:36:00, 64.6, 235
2010-07-17 05:42:00, 59.5, 231
2010-07-17 05:48:00, 65.4, 234
2010-07-17 05:54:00, 66.3, 236
2010-07-17 06:00:00, 61.9, 233
2010-07-17 06:06:00, 58.0, 232
2010-07-17 06:12:00, 60.4, 235
2010-07-17 06:18:00, 52.4, 230
2010-07-17 06:24:00, 47.3, 232
2010-07-17 06:30:00, 48.4, 234
2010-07-17 06:36:00, 49.3, 234
2010-07-17 06:42:00, 53.9, 237
2010-07-17 06:48:00, 48.6, 231
2010-07-17 06:54:00, 49.2, 237
2010-07-17 07:00:00, 38.7, 230
2010-07-17 07:06:00, 45.5, 230
2010-07-17 07:12:00, 34.9, 232
2010-07-17 07:18:00, 28.8, 207
2010-07-17 07:24:00, 25.4, 218
2010-07-17 07:30:00, 25.7, 213
2010-07-17 07:36:00, 24.5, 205
2010-07-17 07:42:00, 19.5, 195
2010-07-17 07:48:00, 17.1, 180
2010-07-17 07:54:00, 19.4, 163
2010-07-17 08:00:00, 17.4, 154
2010-07-17 08:06:00, 22.7, 160
2010-07-17 08:12:00, 21.1, 157
2010-07-17 08:18:00, 20.8, 151
2010-07-17 08:24:00, 20.3, 152
2010-07-17 08:30:00, 20.7, 147
2010-07-17 08:36:00, 23.0, 144
2010-07-17 08:42:00, 26.2, 142
2010-07-17 08:48:00, 32.0, 135
2010-07-17 08:54:00, 30.8, 130
2010-07-17 09:00:00, 32.2, 126
2010-07-17 09:06:00, 35.0, 120
2010-07-17 09:12:00, 38.0, 115
2010-07-17 09:18:00, 41.3, 110
2010-07-17 09:24:00, 39.5, 109
2010-07-17 09:30:00, 42.1, 102
2010-07-17 09:36:00, 47.0, 99
2010-07-17 09:42:00, 51.1, 99
2010-07-17 09:48:00, 51.8, 96
2010-07-17 09:54:00, 56.6, 94
2010-07-17 10:00:00, 54.9, 90
2010-07-17 10:06:00, 56.5, 88
2010-07-17 10:12:00, 56.7, 89
2010-07-17 10:18:00, 56.1, 85
2010-07-17 10:24:00, 58.0, 79
2010-07-17 10:30:00, 56.7, 78
2010-07-17 10:36:00, 54.7, 77
2010-07-17 10:42:00, 54.8, 72
2010-07-17 10:48:00, 59.5, 68
2010-07-17 10:54:00, 60.4, 63
2010-07-17 11:00:00, 60.8, 64
2010-07-17 11:06:00, 63.8, 65
2010-07-17 11:12:00, 63.2, 64
2010-07-17 11:18:00, 67.5, 64
2010-07-17 11:24:00, 62.5, 66
2010-07-17 11:30:00, 62.5, 65
2010-07-17 11:36:00, 65.3, 66
2010-07-17 11:42:00, 67.6, 63
2010-07-17 11:48:00, 66.2, 64
2010-07-17 11:54:00, 66.6, 61
2010-07-17 12:00:00, 70.6, 64
2010-07-17 12:06:00, 67.6, 60
2010-07-17 12:12:00, 63.7, 61
2010-07-17 12:18:00, 65.5, 62
2010-07-17 12:24:00, 62.6, 60
2010-07-17 12:30:00, 63.6, 61
2010-07-17 12:36:00, 60.9, 60
2010-07-17 12:42:00, 57.1, 59
2010-07-17 12:48:00, 52.3, 60
2010-07-17 12:54:00, 52.0, 55
2010-07-17 13:00:00, 51.3, 55
2010-07-17 13:06:00, 49.0, 54
2010-07-17 13:12:00, 41.1, 50
2010-07-17 13:18:00, 37.8, 52
2010-07-17 13:24:00, 31.3, 49
2010-07-17 13:30:00, 22.2, 46
2010-07-17 13:36:00, 21.7, 39
2010-07-17 13:42:00, 18.3, 41
2010-07-17 13:48:00, 19.0, 31
2010-07-17 13:54:00, 20.8, 20
2010-07-17 14:00:00, 19.7, 12
2010-07-17 14:06:00, 16.9, 347
2010-07-17 14:12:00, 18.5, 336
2010-07-17 14:18:00, 18.1, 330
2010-07-17 14:24:00, 18.9, 323
2010-07-17 14:30:00, 19.2, 326
2010-07-17 14:36:00, 21.4, 310
2010-07-17 14:42:00, 22.6, 301
2010-07-17 14:48:00, 25.7, 285
2010-07-17 14:54:00, 31.4, 280
2010-07-17 15:00:00, 35.2, 278
2010-07-17 15:06:00, 40.3, 268
2010-07-17 15:12:00, 43.1, 266
2010-07-17 15:18:00, 47.4, 260
2010-07-17 15:24:00, 50.8, 258
2010-07-17 15:30:00, 53.4, 258
2010-07-17 15:36:00, 53.4, 258
2010-07-17 15:42:00, 55.4, 256
2010-07-17 15:48:00, 60.5, 255
2010-07-17 15:54:00, 59.2, 254
2010-07-17 16:00:00, 57.0, 249
2010-07-17 16:06:00, 56.4, 248
2010-07-17 16:12:00, 63.3, 244
2010-07-17 16:18:00, 63.7, 242
2010-07-17 16:24:00, 61.4, 241
2010-07-17 16:30:00, 60.4, 240
2010-07-17 16:36:00, 64.3, 241
2010-07-17 16:42:00, 62.6, 235
2010-07-17 16:48:00, 65.2, 237
2010-07-17 16:54:00, 56.3, 238
2010-07-17 17:00:00, 70.1, 240
2010-07-17 17:06:00, 61.4, 235
2010-07-17 17:12:00, 70.0, 240
2010-07-17 17:18:00, 66.3, 234
2010-07-17 17:24:00, 71.1, 233
2010-07-17 17:30:00, 58.2, 239
2010-07-17 17:36:00, 65.7, 237
2010-07-17 17:42:00, 58.7, 240
2010-07-17 17:48:00, 71.2, 231
2010-07-17 17:54:00, 73.3, 233
2010-07-17 18:00:00, 70.7, 233
2010-07-17 18:06:00, 77.0, 237
2010-07-17 18:12:00, 78.5, 238
2010-07-17 18:18:00, 70.9, 233
2010-07-17 18:24:00, 68.4, 241
2010-07-17 18:30:00, 61.9, 237
2010-07-17 18:36:00, 68.7, 238
2010-07-17 18:42:00, 65.8, 234
2010-07-17 18:48:00, 61.5, 235
2010-07-17 18:54:00, 64.0, 240
2010-07-17 19:00:00, 69.4, 238
2010-07-17 19:06:00, 48.2, 238
2010-07-17 19:12:00, 44.1, 236
2010-07-17 19:18:00, 53.5, 238
2010-07-17 19:24:00, 54.3, 241
2010-07-17 19:30:00, 38.8, 232
2010-07-17 19:36:00, 35.0, 208
2010-07-17 19:42:00, 35.6, 211
2010-07-17 19:48:00, 36.4, 211
2010-07-17 19:54:00, 35.8, 213
2010-07-17 20:00:00, 32.3, 215
2010-07-17 20:06:00, 29.8, 203
2010-07-17 20:12:00, 24.7, 197
2010-07-17 20:18:00, 21.2, 197
2010-07-17 20:24:00, 17.1, 190
2010-07-17 20:30:00, 16.4, 179
2010-07-17 20:36:00, 15.3, 171
2010-07-17 20:42:00, 12.5, 152
2010-07-17 20:48:00, 11.3, 140
2010-07-17 20:54:00, 15.8, 131
2010-07-17 21:00:00, 16.9, 116
2010-07-17 21:06:00, 21.7, 126
2010-07-17 21:12:00, 24.5, 126
2010-07-17 21:18:00, 25.4, 121
2010-07-17 21:24:00, 25.3, 122
2010-07-17 21:30:00, 30.8, 119
2010-07-17 21:36:00, 33.2, 120
2010-07-17 21:42:00, 34.6, 112
2010-07-17 21:48:00, 37.8, 109
2010-07-17 21:54:00, 40.7, 107
2010-07-17 22:00:00, 38.5, 105
2010-07-17 22:06:00, 40.7, 103
2010-07-17 22:12:00, 44.3, 102
2010-07-17 22:18:00, 45.8, 100
2010-07-17 22:24:00, 47.4, 95
2010-07-17 22:30:00, 50.4, 88
2010-07-17 22:36:00, 50.1, 86
2010-07-17 22:42:00, 54.5, 89
2010-07-17 22:48:00, 53.9, 87
2010-07-17 22:54:00, 57.8, 78
2010-07-17 23:00:00, 59.0, 79
2010-07-17 23:06:00, 56.7, 77
2010-07-17 23:12:00, 59.2, 75
2010-07-17 23:18:00, 57.5, 71
2010-07-17 23:24:00, 56.2, 69
2010-07-17 23:30:00, 55.5, 69
2010-07-17 23:36:00, 56.0, 66
2010-07-17 23:42:00, 63.2, 66
2010-07-17 23:48:00, 65.9, 66
2010-07-17 23:54:00, 65.6, 65
2010-07-18 00:00:00, 59.5, 63
2010-07-18 00:06:00, 62.0, 60
2010-07-18 00:12:00, 62.8, 60
2010-07-18 00:18:00, 65.5, 60
2010-07-18 00:24:00, 67.8, 61
2010-07-18 00:30:00, 65.4, 60
2010-07-18 00:36:00, 65.0, 57
2010-07-18 00:42:00, 65.8, 59
2010-07-18 00:48:00, 67.1, 60
2010-07-18 00:54:00, 61.1, 59
2010-07-18 01:00:00, 54.1, 59
2010-07-18 01:06:00, 55.9, 57
2010-07-18 01:12:00, 56.2, 56
2010-07-18 01:18:00, 51.3, 57
2010-07-18 01:24:00, 50.1, 55
2010-07-18 01:30:00, 46.3, 51
2010-07-18 01:36:00, 46.6, 51
2010-07-18 01:42:00, 44.1, 50
2010-07-18 01:48:00, 42.2, 54
2010-07-18 01:54:00, 40.9, 51
2010-07-18 02:00:00, 34.0, 50
2010-07-18 02:06:00, 34.2, 47
2010-07-18 02:12:00, 30.4, 44
2010-07-18 02:18:00, 28.6, 44
2010-07-18 02:24:00, 28.3, 42
2010-07-18 02:30:00, 22.7, 38
2010-07-18 02:36:00, 21.3, 27
2010-07-18 02:42:00, 16.3, 11
2010-07-18 02:48:00, 16.6, 8
2010-07-18 02:54:00, 19.1, 352
2010-07-18 03:00:00, 22.8, 347
2010-07-18 03:06:00, 25.1, 355
2010-07-18 03:12:00, 26.5, 348
2010-07-18 03:18:00, 22.4, 336
2010-07-18 03:24:00, 21.9, 324
2010-07-18 03:30:00, 22.6, 306
2010-07-18 03:36:00, 25.8, 303
2010-07-18 03:42:00, 26.0, 289
2010-07-18 03:48:00, 32.3, 281
2010-07-18 03:54:00, 34.8, 276
2010-07-18 04:00:00, 37.1, 276
2010-07-18 04:06:00, 39.7, 279
2010-07-18 04:12:00, 43.5, 270
2010-07-18 04:18:00, 46.0, 266
2010-07-18 04:24:00, 49.0, 266
2010-07-18 04:30:00, 48.2, 267
2010-07-18 04:36:00, 49.3, 264
2010-07-18 04:42:00, 51.7, 257
2010-07-18 04:48:00, 54.8, 256
2010-07-18 04:54:00, 57.1, 252
2010-07-18 05:00:00, 56.7, 247
2010-07-18 05:06:00, 59.1, 242
2010-07-18 05:12:00, 62.0, 243
2010-07-18 05:18:00, 51.0, 243
2010-07-18 05:24:00, 62.6, 237
2010-07-18 05:30:00, 59.7, 237
2010-07-18 05:36:00, 61.6, 238
2010-07-18 05:42:00, 55.6, 236
2010-07-18 05:48:00, 60.1, 232
2010-07-18 05:54:00, 60.8, 235
2010-07-18 06:00:00, 61.1, 243
2010-07-18 06:06:00, 56.7, 234
2010-07-18 06:12:00, 55.9, 238
2010-07-18 06:18:00, 58.9, 231
2010-07-18 06:24:00, 69.4, 234
2010-07-18 06:30:00, 64.7, 234
2010-07-18 06:36:00, 55.7, 232
2010-07-18 06:42:00, 56.8, 234
2010-07-18 06:48:00, 74.2, 234
2010-07-18 06:54:00, 64.0, 229
2010-07-18 07:00:00, 53.2, 233
2010-07-18 07:06:00, 61.7, 236
2010-07-18 07:12:00, 58.0, 231
2010-07-18 07:18:00, 57.1, 233
2010-07-18 07:24:00, 47.8, 235
2010-07-18 07:30:00, 49.7, 232
2010-07-18 07:36:00, 50.1, 231
2010-07-18 07:42:00, 50.7, 233
2010-07-18 07:48:00, 38.6, 231
2010-07-18 07:54:00, 43.6, 231
2010-07-18 08:00:00, 45.6, 227
2010-07-18 08:06:00, 32.6, 222
2010-07-18 08:12:00, 29.6, 217
2010-07-18 08:18:00, 25.6, 225
2010-07-18 08:24:00, 24.1, 213
2010-07-18 08:30:00, 21.2, 213
2010-07-18 08:36:00, 21.9, 198
2010-07-18 08:42:00, 19.1, 193
2010-07-18 08:48:00, 15.1, 181
2010-07-18 08:54:00, 17.7, 170
2010-07-18 09:00:00, 19.8, 140
2010-07-18 09:06:00, 19.0, 144
2010-07-18 09:12:00, 21.4, 142
2010-07-18 09:18:00, 24.4, 156
2010-07-18 09:24:00, 23.2, 157
2010-07-18 09:30:00, 22.8, 152
2010-07-18 09:36:00, 24.5, 140
2010-07-18 09:42:00, 26.8, 142
2010-07-18 09:48:00, 27.7, 143
2010-07-18 09:54:00, 28.3, 140
2010-07-18 10:00:00, 34.2, 126
2010-07-18 10:06:00, 33.6, 119
2010-07-18 10:12:00, 33.5, 122
2010-07-18 10:18:00, 32.8, 117
2010-07-18 10:24:00, 38.2, 114
2010-07-18 10:30:00, 39.5, 104
2010-07-18 10:36:00, 40.4, 107
2010-07-18 10:42:00, 38.6, 101
2010-07-18 10:48:00, 42.2, 99
2010-07-18 10:54:00, 48.7, 99
2010-07-18 11:00:00, 47.0, 98
2010-07-18 11:06:00, 46.7, 94
2010-07-18 11:12:00, 46.0, 92
2010-07-18 11:18:00, 48.0, 88
2010-07-18 11:24:00, 45.1, 84
2010-07-18 11:30:00, 47.0, 78
2010-07-18 11:36:00, 48.4, 75
2010-07-18 11:42:00, 46.9, 71
2010-07-18 11:48:00, 46.6, 74
2010-07-18 11:54:00, 45.9, 74
2010-07-18 12:00:00, 42.3, 70
2010-07-18 12:06:00, 42.6, 67
2010-07-18 12:12:00, 41.7, 57
2010-07-18 12:18:00, 45.1, 60
2010-07-18 12:24:00, 50.9, 59
2010-07-18 12:30:00, 55.7, 59
2010-07-18 12:36:00, 54.7, 63
2010-07-18 12:42:00, 51.3, 58
2010-07-18 12:48:00, 49.5, 57
2010-07-18 12:54:00, 50.9, 58
2010-07-18 13:00:00, 52.3, 57
2010-07-18 13:06:00, 49.4, 58
2010-07-18 13:12:00, 47.5, 56
2010-07-18 13:18:00, 49.2, 57
2010-07-18 13:24:00, 47.2, 55
2010-07-18 13:30:00, 48.9, 52
2010-07-18 13:36:00, 48.0, 49
2010-07-18 13:42:00, 47.0, 47
2010-07-18 13:48:00, 47.9, 49
2010-07-18 13:54:00, 45.8, 48
2010-07-18 14:00:00, 42.9, 47
2010-07-18 14:06:00, 41.7, 44
2010-07-18 14:12:00, 38.2, 44
2010-07-18 14:18:00, 35.8, 40
2010-07-18 14:24:00, 33.2, 37
2010-07-18 14:30:00, 33.5, 34
2010-07-18 14:36:00, 32.7, 29
2010-07-18 14:42:00, 31.0, 22
2010-07-18 14:48:00, 30.7, 23
2010-07-18 14:54:00, 29.4, 18
2010-07-18 15:00:00, 26.4, 9
2010-07-18 15:06:00, 24.8, 2
2010-07-18 15:12:00, 23.5, 359
2010-07-18 15:18:00, 23.2, 354
2010-07-18 15:24:00, 22.3, 353
2010-07-18 15:30:00, 22.8, 337
2010-07-18 15:36:00, 15.5, 325
2010-07-18 15:42:00, 15.3, 321
2010-07-18 15:48:00, 22.2, 299
2010-07-18 15:54:00, 19.6, 282
2010-07-18 16:00:00, 22.3, 279
2010-07-18 16:06:00, 23.9, 268
2010-07-18 16:12:00, 32.1, 267
2010-07-18 16:18:00, 34.3, 265
2010-07-18 16:24:00, 37.2, 263
2010-07-18 16:30:00, 42.2, 262
2010-07-18 16:36:00, 43.8, 257
2010-07-18 16:42:00, 49.9, 255
2010-07-18 16:48:00, 52.0, 248
2010-07-18 16:54:00, 54.2, 249
2010-07-18 17:00:00, 56.7, 246
2010-07-18 17:06:00, 59.5, 243
2010-07-18 17:12:00, 54.1, 239
2010-07-18 17:18:00, 64.6, 241
2010-07-18 17:24:00, 63.0, 243
2010-07-18 17:30:00, 58.6, 243
2010-07-18 17:36:00, 55.6, 241
2010-07-18 17:42:00, 62.0, 239
2010-07-18 17:48:00, 57.1, 241
2010-07-18 17:54:00, 59.6, 242
2010-07-18 18:00:00, 61.0, 243
2010-07-18 18:06:00, 58.2, 243
2010-07-18 18:12:00, 55.9, 240
2010-07-18 18:18:00, 61.5, 238
2010-07-18 18:24:00, 63.9, 238
2010-07-18 18:30:00, 62.6, 237
2010-07-18 18:36:00, 62.8, 236
2010-07-18 18:42:00, 62.1, 236
2010-07-18 18:48:00, 57.4, 239
2010-07-18 18:54:00, 61.4, 239
2010-07-18 19:00:00, 58.8, 241
2010-07-18 19:06:00, 56.8, 239
2010-07-18 19:12:00, 58.6, 239
2010-07-18 19:18:00, 62.3, 238
2010-07-18 19:24:00, 62.0, 234
2010-07-18 19:30:00, 59.4, 240
2010-07-18 19:36:00, 55.5, 238
2010-07-18 19:42:00, 49.0, 236
2010-07-18 19:48:00, 55.4, 229
2010-07-18 19:54:00, 59.9, 233
2010-07-18 20:00:00, 50.0, 235
2010-07-18 20:06:00, 47.1, 230
2010-07-18 20:12:00, 36.7, 228
2010-07-18 20:18:00, 42.8, 223
2010-07-18 20:24:00, 37.4, 221
2010-07-18 20:30:00, 32.1, 215
2010-07-18 20:36:00, 33.3, 224
2010-07-18 20:42:00, 33.9, 222
2010-07-18 20:48:00, 28.6, 219
2010-07-18 20:54:00, 32.8, 222
2010-07-18 21:00:00, 29.6, 209
2010-07-18 21:06:00, 29.4, 212
2010-07-18 21:12:00, 20.6, 216
2010-07-18 21:18:00, 21.0, 210
2010-07-18 21:24:00, 14.9, 196
2010-07-18 21:30:00, 13.4, 171
2010-07-18 21:36:00, 18.3, 168
2010-07-18 21:42:00, 16.4, 160
2010-07-18 21:48:00, 15.5, 142
2010-07-18 21:54:00, 14.5, 119
2010-07-18 22:00:00, 16.5, 130
2010-07-18 22:06:00, 25.0, 125
2010-07-18 22:12:00, 23.9, 131
2010-07-18 22:18:00, 26.7, 134
2010-07-18 22:24:00, 30.5, 124
2010-07-18 22:30:00, 33.4, 119
2010-07-18 22:36:00, 35.6, 111
2010-07-18 22:42:00, 40.7, 110
2010-07-18 22:48:00, 37.7, 106
2010-07-18 22:54:00, 38.8, 105
2010-07-18 23:00:00, 40.7, 104
2010-07-18 23:06:00, 41.8, 102
2010-07-18 23:12:00, 39.9, 103
2010-07-18 23:18:00, 46.7, 102
2010-07-18 23:24:00, 49.9, 98
2010-07-18 23:30:00, 47.1, 94
2010-07-18 23:36:00, 49.0, 89
2010-07-18 23:42:00, 51.4, 86
2010-07-18 23:48:00, 50.6, 85
2010-07-18 23:54:00, 49.6, 85
2010-07-19 00:00:00, 52.0, 79
2010-07-19 00:06:00, 51.1, 77
2010-07-19 00:12:00, 54.3, 75
2010-07-19 00:18:00, 51.2, 71
2010-07-19 00:24:00, 49.9, 67
2010-07-19 00:30:00, 51.7, 65
2010-07-19 00:36:00, 57.5, 65
2010-07-19 00:42:00, 61.0, 67
2010-07-19 00:48:00, 61.7, 66
2010-07-19 00:54:00, 65.5, 63
2010-07-19 01:00:00, 65.2, 64
2010-07-19 01:06:00, 59.9, 63
2010-07-19 01:12:00, 63.9, 62
2010-07-19 01:18:00, 63.6, 62
2010-07-19 01:24:00, 61.7, 62
2010-07-19 01:30:00, 58.1, 59
2010-07-19 01:36:00, 60.6, 61
2010-07-19 01:42:00, 57.6, 59
2010-07-19 01:48:00, 60.2, 58
2010-07-19 01:54:00, 56.8, 58
2010-07-19 02:00:00, 55.4, 54
2010-07-19 02:06:00, 54.7, 55
2010-07-19 02:12:00, 58.4, 52
2010-07-19 02:18:00, 52.9, 52
2010-07-19 02:24:00, 51.7, 52
2010-07-19 02:30:00, 48.2, 51
2010-07-19 02:36:00, 46.2, 47
2010-07-19 02:42:00, 46.8, 49
2010-07-19 02:48:00, 43.7, 44
2010-07-19 02:54:00, 45.7, 47
2010-07-19 03:00:00, 45.2, 45
2010-07-19 03:06:00, 45.3, 46
2010-07-19 03:12:00, 42.4, 47
2010-07-19 03:18:00, 36.1, 42
2010-07-19 03:24:00, 37.6, 36
2010-07-19 03:30:00, 39.0, 33
2010-07-19 03:36:00, 38.4, 30
2010-07-19 03:42:00, 27.8, 20
2010-07-19 03:48:00, 28.9, 15
2010-07-19 03:54:00, 28.0, 11
2010-07-19 04:00:00, 27.3, 13
2010-07-19 04:06:00, 24.5, 5
2010-07-19 04:12:00, 22.0, 352
2010-07-19 04:18:00, 19.5, 336
2010-07-19 04:24:00, 19.6, 330
2010-07-19 04:30:00, 20.1, 322
2010-07-19 04:36:00, 19.9, 321
2010-07-19 04:42:00, 20.9, 295
2010-07-19 04:48:00, 23.8, 293
2010-07-19 04:54:00, 22.4, 284
2010-07-19 05:00:00, 33.3, 273
2010-07-19 05:06:00, 36.7, 274
2010-07-19 05:12:00, 37.6, 268
2010-07-19 05:18:00, 40.5, 265
2010-07-19 05:24:00, 42.2, 264
2010-07-19 05:30:00, 43.4, 262
2010-07-19 05:36:00, 46.7, 263
2010-07-19 05:42:00, 48.2, 259
2010-07-19 05:48:00, 49.2, 254
2010-07-19 05:54:00, 49.7, 250
2010-07-19 06:00:00, 52.1, 249
2010-07-19 06:06:00, 55.1, 244
2010-07-19 06:12:00, 51.5, 238
2010-07-19 06:18:00, 50.7, 239
2010-07-19 06:24:00, 59.1, 239
2010-07-19 06:30:00, 60.9, 239
2010-07-19 06:36:00, 55.4, 239
2010-07-19 06:42:00, 58.3, 234
2010-07-19 06:48:00, 56.4, 238
2010-07-19 06:54:00, 50.7, 238
2010-07-19 07:00:00, 46.6, 233
2010-07-19 07:06:00, 49.9, 237
2010-07-19 07:12:00, 46.4, 223
2010-07-19 07:18:00, 46.9, 229
2010-07-19 07:24:00, 43.0, 228
2010-07-19 07:30:00, 49.3, 229
2010-07-19 07:36:00, 53.6, 228
2010-07-19 07:42:00, 46.9, 231
2010-07-19 07:48:00, 48.1, 234
2010-07-19 07:54:00, 47.9, 232
2010-07-19 08:00:00, 49.7, 237
2010-07-19 08:06:00, 50.0, 238
2010-07-19 08:12:00, 44.7, 235
2010-07-19 08:18:00, 49.7, 238
2010-07-19 08:24:00, 48.6, 233
2010-07-19 08:30:00, 44.5, 228
2010-07-19 08:36:00, 40.2, 232
2010-07-19 08:42:00, 44.8, 229
2010-07-19 08:48:00, 44.8, 232
2010-07-19 08:54:00, 31.0, 223
2010-07-19 09:00:00, 30.5, 222
2010-07-19 09:06:00, 38.2, 235
2010-07-19 09:12:00, 33.2, 217
2010-07-19 09:18:00, 20.3, 222
2010-07-19 09:24:00, 27.6, 220
2010-07-19 09:30:00, 23.4, 206
2010-07-19 09:36:00, 24.2, 211
2010-07-19 09:42:00, 24.7, 199
2010-07-19 09:48:00, 19.7, 186
2010-07-19 09:54:00, 18.1, 179
2010-07-19 10:00:00, 20.9, 180
2010-07-19 10:06:00, 19.7, 158
2010-07-19 10:12:00, 17.6, 154
2010-07-19 10:18:00, 21.7, 145
2010-07-19 10:24:00, 21.3, 155
2010-07-19 10:30:00, 21.4, 154
2010-07-19 10:36:00, 23.6, 159
2010-07-19 10:42:00, 24.1, 155
2010-07-19 10:48:00, 28.9, 146
2010-07-19 10:54:00, 28.5, 144
2010-07-19 11:00:00, 31.0, 141
2010-07-19 11:06:00, 34.2, 131
2010-07-19 11:12:00, 36.3, 132
2010-07-19 11:18:00, 35.7, 129
2010-07-19 11:24:00, 37.7, 126
2010-07-19 11:30:00, 32.7, 120
2010-07-19 11:36:00, 28.0, 116
2010-07-19 11:42:00, 35.6, 108
2010-07-19 11:48:00, 41.0, 106
2010-07-19 11:54:00, 35.3, 104
2010-07-19 12:00:00, 36.4, 101
2010-07-19 12:06:00, 39.3, 100
2010-07-19 12:12:00, 41.1, 95
2010-07-19 12:18:00, 43.8, 93
2010-07-19 12:24:00, 44.0, 92
2010-07-19 12:30:00, 44.0, 90
2010-07-19 12:36:00, 42.2, 88
2010-07-19 12:42:00, 40.3, 85
2010-07-19 12:48:00, 42.4, 83
2010-07-19 12:54:00, 42.3, 80
2010-07-19 13:00:00, 39.0, 76
2010-07-19 13:06:00, 40.3, 71
2010-07-19 13:12:00, 40.2, 64
2010-07-19 13:18:00, 40.0, 65
2010-07-19 13:24:00, 37.3, 58
2010-07-19 13:30:00, 40.4, 60
2010-07-19 13:36:00, 40.9, 57
2010-07-19 13:42:00, 41.7, 52
2010-07-19 13:48:00, 44.0, 51
2010-07-19 13:54:00, 42.2, 51
2010-07-19 14:00:00, 42.1, 53
2010-07-19 14:06:00, 42.5, 48
2010-07-19 14:12:00, 41.6, 51
2010-07-19 14:18:00, 42.5, 49
2010-07-19 14:24:00, 42.4, 47
2010-07-19 14:30:00, 42.5, 44
2010-07-19 14:36:00, 43.4, 47
2010-07-19 14:42:00, 41.6, 42
2010-07-19 14:48:00, 40.4, 40
2010-07-19 14:54:00, 40.4, 38
2010-07-19 15:00:00, 40.3, 39
2010-07-19 15:06:00, 36.1, 34
2010-07-19 15:12:00, 38.8, 32
2010-07-19 15:18:00, 36.9, 32
2010-07-19 15:24:00, 37.1, 31
2010-07-19 15:30:00, 35.7, 30
2010-07-19 15:36:00, 31.9, 21
2010-07-19 15:42:00, 28.5, 21
2010-07-19 15:48:00, 32.4, 16
2010-07-19 15:54:00, 31.5, 12
2010-07-19 16:00:00, 28.0, 7
2010-07-19 16:06:00, 27.0, 4
2010-07-19 16:12:00, 25.8, 357
2010-07-19 16:18:00, 24.3, 358
2010-07-19 16:24:00, 21.8, 359
2010-07-19 16:30:00, 21.1, 348
2010-07-19 16:36:00, 19.1, 338
2010-07-19 16:42:00, 19.7, 322
2010-07-19 16:48:00, 22.7, 316
2010-07-19 16:54:00, 24.8, 295
2010-07-19 17:00:00, 26.6, 288
2010-07-19 17:06:00, 28.7, 285
2010-07-19 17:12:00, 27.7, 280
2010-07-19 17:18:00, 34.5, 274
2010-07-19 17:24:00, 37.2, 264
2010-07-19 17:30:00, 40.9, 262
2010-07-19 17:36:00, 41.5, 264
2010-07-19 17:42:00, 45.3, 258
2010-07-19 17:48:00, 46.8, 255
2010-07-19 17:54:00, 44.7, 252
2010-07-19 18:00:00, 45.9, 248
2010-07-19 18:06:00, 53.8, 241
2010-07-19 18:12:00, 60.3, 244
2010-07-19 18:18:00, 52.5, 240
2010-07-19 18:24:00, 53.1, 242
2010-07-19 18:30:00, 58.9, 239
2010-07-19 18:36:00, 62.6, 242
2010-07-19 18:42:00, 60.7, 241
2010-07-19 18:48:00, 60.4, 244
2010-07-19 18:54:00, 59.1, 243
2010-07-19 19:00:00, 68.8, 242
2010-07-19 19:06:00, 58.2, 245
2010-07-19 19:12:00, 61.1, 242
2010-07-19 19:18:00, 55.8, 240
2010-07-19 19:24:00, 58.6, 242
2010-07-19 19:30:00, 53.2, 239
2010-07-19 19:36:00, 62.8, 242
2010-07-19 19:42:00, 65.1, 242
2010-07-19 19:48:00, 62.7, 242
2010-07-19 19:54:00, 56.3, 240
2010-07-19 20:00:00, 54.2, 237
2010-07-19 20:06:00, 63.5, 240
2010-07-19 20:12:00, 70.4, 237
2010-07-19 20:18:00, 65.3, 240
2010-07-19 20:24:00, 67.3, 240
2010-07-19 20:30:00, 74.3, 243
2010-07-19 20:36:00, 60.3, 239
2010-07-19 20:42:00, 51.0, 232
2010-07-19 20:48:00, 47.7, 239
2010-07-19 20:54:00, 55.1, 233
2010-07-19 21:00:00, 47.2, 233
2010-07-19 21:06:00, 38.3, 224
2010-07-19 21:12:00, 30.5, 224
2010-07-19 21:18:00, 26.1, 220
2010-07-19 21:24:00, 28.3, 225
2010-07-19 21:30:00, 33.9, 228
2010-07-19 21:36:00, 27.3, 216
2010-07-19 21:42:00, 31.9, 218
2010-07-19 21:48:00, 30.6, 213
2010-07-19 21:54:00, 25.0, 211
2010-07-19 22:00:00, 28.6, 210
2010-07-19 22:06:00, 25.2, 208
2010-07-19 22:12:00, 18.5, 205
2010-07-19 22:18:00, 20.9, 174
2010-07-19 22:24:00, 18.1, 178
2010-07-19 22:30:00, 14.8, 170
2010-07-19 22:36:00, 14.5, 169
2010-07-19 22:42:00, 16.4, 144
2010-07-19 22:48:00, 19.1, 142
2010-07-19 22:54:00, 19.4, 141
2010-07-19 23:00:00, 19.3, 145
2010-07-19 23:06:00, 22.9, 138
2010-07-19 23:12:00, 24.2, 137
2010-07-19 23:18:00, 29.1, 127
2010-07-19 23:24:00, 32.6, 127
2010-07-19 23:30:00, 31.4, 120
2010-07-19 23:36:00, 33.3, 118
2010-07-19 23:42:00, 36.3, 113
2010-07-19 23:48:00, 37.9, 111
2010-07-19 23:54:00, 36.5, 107
2010-07-20 00:00:00, 39.1, 105
2010-07-20 00:06:00, 39.6, 104
2010-07-20 00:12:00, 38.0, 105
2010-07-20 00:18:00, 41.8, 100
2010-07-20 00:24:00, 43.6, 96
2010-07-20 00:30:00, 46.9, 98
2010-07-20 00:36:00, 48.3, 96
2010-07-20 00:42:00, 49.0, 92
2010-07-20 00:48:00, 47.6, 91
2010-07-20 00:54:00, 47.9, 85
2010-07-20 01:00:00, 49.3, 82
2010-07-20 01:06:00, 50.2, 79
2010-07-20 01:12:00, 53.5, 74
2010-07-20 01:18:00, 52.9, 76
2010-07-20 01:24:00, 50.0, 75
2010-07-20 01:30:00, 49.7, 70
2010-07-20 01:36:00, 43.1, 65
2010-07-20 01:42:00, 42.6, 60
2010-07-20 01:48:00, 49.3, 62
2010-07-20 01:54:00, 54.8, 60
2010-07-20 02:00:00, 58.9, 60
2010-07-20 02:06:00, 57.4, 62
2010-07-20 02:12:00, 55.3, 62
2010-07-20 02:18:00, 53.2, 60
2010-07-20 02:24:00, 53.2, 59
2010-07-20 02:30:00, 52.6, 55
2010-07-20 02:36:00, 52.9, 55
2010-07-20 02:42:00, 55.8, 56
2010-07-20 02:48:00, 53.3, 54
2010-07-20 02:54:00, 53.3, 53
2010-07-20 03:00:00, 54.4, 54
2010-07-20 03:06:00, 49.6, 52
2010-07-20 03:12:00, 49.6, 48
2010-07-20 03:18:00, 53.7, 50
2010-07-20 03:24:00, 51.8, 50
2010-07-20 03:30:00, 50.4, 50
2010-07-20 03:36:00, 49.1, 47
2010-07-20 03:42:00, 51.3, 48
2010-07-20 03:48:00, 46.0, 47
2010-07-20 03:54:00, 45.9, 45
2010-07-20 04:00:00, 47.5, 41
2010-07-20 04:06:00, 42.3, 42
2010-07-20 04:12:00, 41.8, 43
2010-07-20 04:18:00, 39.7, 44
2010-07-20 04:24:00, 33.7, 38
2010-07-20 04:30:00, 33.5, 32
2010-07-20 04:36:00, 32.9, 34
2010-07-20 04:42:00, 32.0, 32
2010-07-20 04:48:00, 26.5, 25
2010-07-20 04:54:00, 29.3, 18
2010-07-20 05:00:00, 25.5, 16
2010-07-20 05:06:00, 25.0, 6
2010-07-20 05:12:00, 21.6, 6
2010-07-20 05:18:00, 20.3, 349
2010-07-20 05:24:00, 18.0, 331
2010-07-20 05:30:00, 19.3, 320
2010-07-20 05:36:00, 21.1, 312
2010-07-20 05:42:00, 24.4, 304
2010-07-20 05:48:00, 26.4, 297
2010-07-20 05:54:00, 25.9, 286
2010-07-20 06:00:00, 27.6, 283
2010-07-20 06:06:00, 28.0, 278
2010-07-20 06:12:00, 30.2, 270
2010-07-20 06:18:00, 33.3, 264
2010-07-20 06:24:00, 34.6, 265
2010-07-20 06:30:00, 36.6, 258
2010-07-20 06:36:00, 42.7, 260
2010-07-20 06:42:00, 44.4, 255
2010-07-20 06:48:00, 47.3, 257
2010-07-20 06:54:00, 50.2, 255
2010-07-20 07:00:00, 49.4, 253
2010-07-20 07:06:00, 51.3, 249
2010-07-20 07:12:00, 52.9, 247
2010-07-20 07:18:00, 53.9, 244
2010-07-20 07:24:00, 47.3, 242
2010-07-20 07:30:00, 52.2, 240
2010-07-20 07:36:00, 56.6, 236
2010-07-20 07:42:00, 53.5, 235
2010-07-20 07:48:00, 55.4, 239
2010-07-20 07:54:00, 52.9, 246
2010-07-20 08:00:00, 46.4, 236
2010-07-20 08:06:00, 49.5, 234
2010-07-20 08:12:00, 53.4, 240
2010-07-20 08:18:00, 53.7, 236
2010-07-20 08:24:00, 53.3, 236
2010-07-20 08:30:00, 52.3, 239
2010-07-20 08:36:00, 45.6, 239
2010-07-20 08:42:00, 53.3, 235
2010-07-20 08:48:00, 52.9, 236
2010-07-20 08:54:00, 40.2, 239
2010-07-20 09:00:00, 44.5, 239
2010-07-20 09:06:00, 49.6, 240
2010-07-20 09:12:00, 51.1, 239
2010-07-20 09:18:00, 50.7, 232
2010-07-20 09:24:00, 48.2, 237
2010-07-20 09:30:00, 53.6, 236
2010-07-20 09:36:00, 46.0, 238
2010-07-20 09:42:00, 44.4, 235
2010-07-20 09:48:00, 51.3, 235
2010-07-20 09:54:00, 43.6, 228
2010-07-20 10:00:00, 41.9, 234
2010-07-20 10:06:00, 40.6, 228
2010-07-20 10:12:00, 32.7, 227
2010-07-20 10:18:00, 23.2, 218
2010-07-20 10:24:00, 22.1, 211
2010-07-20 10:30:00, 25.1, 202
2010-07-20 10:36:00, 24.7, 201
2010-07-20 10:42:00, 18.0, 177
2010-07-20 10:48:00, 19.1, 171
2010-07-20 10:54:00, 18.3, 181
2010-07-20 11:00:00, 20.4, 172
2010-07-20 11:06:00, 24.4, 165
2010-07-20 11:12:00, 23.5, 163
2010-07-20 11:18:00, 23.4, 158
2010-07-20 11:24:00, 24.8, 160
2010-07-20 11:30:00, 23.6, 159
2010-07-20 11:36:00, 20.1, 156
2010-07-20 11:42:00, 27.5, 161
2010-07-20 11:48:00, 24.9, 151
2010-07-20 11:54:00, 27.3, 146
2010-07-20 12:00:00, 26.9, 147
2010-07-20 12:06:00, 30.9, 142
2010-07-20 12:12:00, 34.1, 129
2010-07-20 12:18:00, 35.2, 127
2010-07-20 12:24:00, 37.9, 125
2010-07-20 12:30:00, 35.5, 124
2010-07-20 12:36:00, 31.6, 118
2010-07-20 12:42:00, 32.0, 114
2010-07-20 12:48:00, 33.9, 105
2010-07-20 12:54:00, 31.6, 103
2010-07-20 13:00:00, 33.3, 107
2010-07-20 13:06:00, 32.6, 106
2010-07-20 13:12:00, 37.7, 99
2010-07-20 13:18:00, 39.7, 100
2010-07-20 13:24:00, 41.6, 100
2010-07-20 13:30:00, 43.8, 95
2010-07-20 13:36:00, 44.1, 94
2010-07-20 13:42:00, 42.4, 93
2010-07-20 13:48:00, 42.2, 89
2010-07-20 13:54:00, 40.1, 88
2010-07-20 14:00:00, 40.1, 83
2010-07-20 14:06:00, 38.2, 78
2010-07-20 14:12:00, 38.0, 73
2010-07-20 14:18:00, 35.6, 67
2010-07-20 14:24:00, 36.5, 66
2010-07-20 14:30:00, 35.7, 59
2010-07-20 14:36:00, 35.2, 55
2010-07-20 14:42:00, 39.7, 53
2010-07-20 14:48:00, 40.4, 53
2010-07-20 14:54:00, 38.8, 53
2010-07-20 15:00:00, 40.8, 54
2010-07-20 15:06:00, 39.9, 52
2010-07-20 15:12:00, 42.1, 51
2010-07-20 15:18:00, 40.5, 46
2010-07-20 15:24:00, 40.7, 48
2010-07-20 15:30:00, 43.7, 44
2010-07-20 15:36:00, 41.7, 47
2010-07-20 15:42:00, 41.6, 43
2010-07-20 15:48:00, 41.3, 45
2010-07-20 15:54:00, 38.2, 41
2010-07-20 16:00:00, 41.0, 46
2010-07-20 16:06:00, 38.5, 39
2010-07-20 16:12:00, 36.8, 37
2010-07-20 16:18:00, 38.2, 42
2010-07-20 16:24:00, 36.9, 38
2010-07-20 16:30:00, 34.9, 35
2010-07-20 16:36:00, 29.9, 29
2010-07-20 16:42:00, 31.1, 26
2010-07-20 16:48:00, 29.1, 25
2010-07-20 16:54:00, 26.1, 18
2010-07-20 17:00:00, 23.6, 8
2010-07-20 17:06:00, 21.7, 12
2010-07-20 17:12:00, 20.5, 356
2010-07-20 17:18:00, 20.2, 353
2010-07-20 17:24:00, 18.4, 355
2010-07-20 17:30:00, 15.9, 337
2010-07-20 17:36:00, 13.7, 333
2010-07-20 17:42:00, 15.6, 317
2010-07-20 17:48:00, 17.3, 304
2010-07-20 17:54:00, 17.9, 283
2010-07-20 18:00:00, 22.0, 274
2010-07-20 18:06:00, 25.6, 271
2010-07-20 18:12:00, 28.7, 268
2010-07-20 18:18:00, 34.4, 267
2010-07-20 18:24:00, 36.1, 265
2010-07-20 18:30:00, 37.9, 265
2010-07-20 18:36:00, 37.6, 264
2010-07-20 18:42:00, 41.0, 254
2010-07-20 18:48:00, 45.7, 255
2010-07-20 18:54:00, 49.0, 248
2010-07-20 19:00:00, 49.9, 242
2010-07-20 19:06:00, 50.5, 243
2010-07-20 19:12:00, 49.8, 241
2010-07-20 19:18:00, 47.9, 245
2010-07-20 19:24:00, 50.3, 246
2010-07-20 19:30:00, 46.4, 239
2010-07-20 19:36:00, 52.2, 241
2010-07-20 19:42:00, 54.8, 242
2010-07-20 19:48:00, 58.6, 246
2010-07-20 19:54:00, 63.1, 241
2010-07-20 20:00:00, 60.7, 240
2010-07-20 20:06:00, 62.1, 238
2010-07-20 20:12:00, 59.3, 238
2010-07-20 20:18:00, 58.3, 243
2010-07-20 20:24:00, 54.9, 246
2010-07-20 20:30:00, 53.7, 242
2010-07-20 20:36:00, 55.8, 243
2010-07-20 20:42:00, 53.8, 243
2010-07-20 20:48:00, 56.3, 238
2010-07-20 20:54:00, 55.8, 239
2010-07-20 21:00:00, 52.4, 240
2010-07-20 21:06:00, 61.0, 240
2010-07-20 21:12:00, 56.8, 238
2010-07-20 21:18:00, 51.1, 239
2010-07-20 21:24:00, 47.1, 238
2010-07-20 21:30:00, 51.9, 240
2010-07-20 21:36:00, 54.8, 239
2010-07-20 21:42:00, 48.8, 236
2010-07-20 21:48:00, 50.6, 235
2010-07-20 21:54:00, 49.6, 236
2010-07-20 22:00:00, 45.0, 234
2010-07-20 22:06:00, 42.7, 222
2010-07-20 22:12:00, 36.6, 227
2010-07-20 22:18:00, 30.5, 216
2010-07-20 22:24:00, 30.7, 205
2010-07-20 22:30:00, 31.9, 219
2010-07-20 22:36:00, 30.9, 214
2010-07-20 22:42:00, 27.8, 216
2010-07-20 22:48:00, 30.4, 213
2010-07-20 22:54:00, 23.2, 218
2010-07-20 23:00:00, 20.4, 203
2010-07-20 23:06:00, 22.2, 204
2010-07-20 23:12:00, 18.8, 202
2010-07-20 23:18:00, 18.7, 202
2010-07-20 23:24:00, 16.3, 193
2010-07-20 23:30:00, 13.6, 162
2010-07-20 23:36:00, 10.5, 149
2010-07-20 23:42:00, 14.2, 149
2010-07-20 23:48:00, 16.0, 135
2010-07-20 23:54:00, 18.7, 134
2010-07-21 00:00:00, 23.9, 143
2010-07-21 00:06:00, 23.4, 138
2010-07-21 00:12:00, 28.1, 139
2010-07-21 00:18:00, 27.6, 142
2010-07-21 00:24:00, 34.1, 132
2010-07-21 00:30:00, 33.0, 129
2010-07-21 00:36:00, 31.8, 119
2010-07-21 00:42:00, 31.1, 119
2010-07-21 00:48:00, 34.7, 120
2010-07-21 00:54:00, 33.7, 111
2010-07-21 01:00:00, 32.5, 108
2010-07-21 01:06:00, 35.1, 109
2010-07-21 01:12:00, 39.2, 107
2010-07-21 01:18:00, 35.8, 99
2010-07-21 01:24:00, 40.5, 103
2010-07-21 01:30:00, 41.0, 99
2010-07-21 01:36:00, 43.8, 103
2010-07-21 01:42:00, 45.4, 100
2010-07-21 01:48:00, 47.5, 93
2010-07-21 01:54:00, 45.1, 89
2010-07-21 02:00:00, 45.4, 89
2010-07-21 02:06:00, 44.2, 86
2010-07-21 02:12:00, 48.0, 81
2010-07-21 02:18:00, 47.2, 78
2010-07-21 02:24:00, 44.5, 76
2010-07-21 02:30:00, 44.8, 71
2010-07-21 02:36:00, 52.4, 73
2010-07-21 02:42:00, 50.8, 69
2010-07-21 02:48:00, 42.0, 66
2010-07-21 02:54:00, 35.5, 60
2010-07-21 03:00:00, 38.9, 60
2010-07-21 03:06:00, 39.2, 61
2010-07-21 03:12:00, 43.4, 62
2010-07-21 03:18:00, 46.4, 60
2010-07-21 03:24:00, 46.2, 58
2010-07-21 03:30:00, 44.8, 56
2010-07-21 03:36:00, 43.5, 52
2010-07-21 03:42:00, 47.7, 53
2010-07-21 03:48:00, 48.2, 52
2010-07-21 03:54:00, 51.2, 53
2010-07-21 04:00:00, 51.0, 48
2010-07-21 04:06:00, 51.4, 50
2010-07-21 04:12:00, 53.1, 46
2010-07-21 04:18:00, 52.1, 46
2010-07-21 04:24:00, 51.9, 46
2010-07-21 04:30:00, 51.5, 47
2010-07-21 04:36:00, 50.6, 49
2010-07-21 04:42:00, 47.7, 46
2010-07-21 04:48:00, 48.2, 44
2010-07-21 04:54:00, 44.6, 42
2010-07-21 05:00:00, 41.8, 41
2010-07-21 05:06:00, 40.2, 41
2010-07-21 05:12:00, 40.1, 35
2010-07-21 05:18:00, 36.2, 35
2010-07-21 05:24:00, 36.6, 32
2010-07-21 05:30:00, 33.1, 29
2010-07-21 05:36:00, 30.9, 26
2010-07-21 05:42:00, 30.0, 24
2010-07-21 05:48:00, 29.7, 18
2010-07-21 05:54:00, 26.0, 20
2010-07-21 06:00:00, 25.5, 12
2010-07-21 06:06:00, 27.7, 12
2010-07-21 06:12:00, 26.8, 9
2010-07-21 06:18:00, 19.9, 5
2010-07-21 06:24:00, 22.5, 351
2010-07-21 06:30:00, 16.7, 352
2010-07-21 06:36:00, 18.8, 310
2010-07-21 06:42:00, 16.0, 304
2010-07-21 06:48:00, 19.7, 300
2010-07-21 06:54:00, 22.7, 287
2010-07-21 07:00:00, 23.9, 273
2010-07-21 07:06:00, 27.1, 274
2010-07-21 07:12:00, 32.1, 268
2010-07-21 07:18:00, 34.0, 264
2010-07-21 07:24:00, 38.2, 265
2010-07-21 07:30:00, 42.9, 264
2010-07-21 07:36:00, 41.9, 259
2010-07-21 07:42:00, 43.4, 256
2010-07-21 07:48:00, 44.8, 255
2010-07-21 07:54:00, 48.2, 257
2010-07-21 08:00:00, 46.6, 253
2010-07-21 08:06:00, 49.7, 247
2010-07-21 08:12:00, 46.3, 251
2010-07-21 08:18:00, 48.7, 245
2010-07-21 08:24:00, 47.9, 239
2010-07-21 08:30:00, 46.7, 242
2010-07-21 08:36:00, 54.6, 241
2010-07-21 08:42:00, 60.4, 239
2010-07-21 08:48:00, 62.6, 236
2010-07-21 08:54:00, 54.3, 239
2010-07-21 09:00:00, 57.1, 241
2010-07-21 09:06:00, 46.1, 237
2010-07-21 09:12:00, 53.8, 239
2010-07-21 09:18:00, 54.0, 237
2010-07-21 09:24:00, 57.0, 241
2010-07-21 09:30:00, 56.2, 236
2010-07-21 09:36:00, 54.4, 238
2010-07-21 09:42:00, 58.8, 240
2010-07-21 09:48:00, 56.1, 241
2010-07-21 09:54:00, 52.3, 238
2010-07-21 10:00:00, 46.4, 237
2010-07-21 10:06:00, 46.7, 235
2010-07-21 10:12:00, 41.7, 238
2010-07-21 10:18:00, 43.8, 236
2010-07-21 10:24:00, 41.5, 234
2010-07-21 10:30:00, 38.6, 228
2010-07-21 10:36:00, 46.9, 232
2010-07-21 10:42:00, 46.8, 231
2010-07-21 10:48:00, 35.8, 223
2010-07-21 10:54:00, 37.2, 227
2010-07-21 11:00:00, 40.7, 228
2010-07-21 11:06:00, 28.2, 224
2010-07-21 11:12:00, 32.8, 226
2010-07-21 11:18:00, 22.5, 236
2010-07-21 11:24:00, 24.7, 221
2010-07-21 11:30:00, 24.5, 209
2010-07-21 11:36:00, 20.3, 220
2010-07-21 11:42:00, 19.5, 209
2010-07-21 11:48:00, 19.3, 198
2010-07-21 11:54:00, 11.9, 175
2010-07-21 12:00:00, 14.9, 183
2010-07-21 12:06:00, 17.6, 162
2010-07-21 12:12:00, 18.3, 155
2010-07-21 12:18:00, 19.8, 154
2010-07-21 12:24:00, 21.4, 153
2010-07-21 12:30:00, 21.6, 155
2010-07-21 12:36:00, 21.5, 155
2010-07-21 12:42:00, 22.3, 156
2010-07-21 12:48:00, 20.8, 150
2010-07-21 12:54:00, 25.4, 143
2010-07-21 13:00:00, 27.9, 144
2010-07-21 13:06:00, 26.4, 141
2010-07-21 13:12:00, 27.9, 134
2010-07-21 13:18:00, 31.8, 137
2010-07-21 13:24:00, 32.8, 132
2010-07-21 13:30:00, 31.4, 127
2010-07-21 13:36:00, 30.4, 124
2010-07-21 13:42:00, 26.0, 116
2010-07-21 13:48:00, 31.4, 108
2010-07-21 13:54:00, 34.7, 103
2010-07-21 14:00:00, 33.0, 103
2010-07-21 14:06:00, 34.0, 109
2010-07-21 14:12:00, 36.7, 105
2010-07-21 14:18:00, 39.3, 104
2010-07-21 14:24:00, 40.4, 99
2010-07-21 14:30:00, 39.2, 100
2010-07-21 14:36:00, 40.9, 97
2010-07-21 14:42:00, 44.0, 91
2010-07-21 14:48:00, 42.2, 93
2010-07-21 14:54:00, 39.2, 91
2010-07-21 15:00:00, 38.7, 86
2010-07-21 15:06:00, 38.1, 86
2010-07-21 15:12:00, 35.4, 77
2010-07-21 15:18:00, 35.0, 78
2010-07-21 15:24:00, 32.7, 73
2010-07-21 15:30:00, 31.2, 65
2010-07-21 15:36:00, 33.5, 68
2010-07-21 15:42:00, 37.5, 66
2010-07-21 15:48:00, 32.2, 57
2010-07-21 15:54:00, 31.3, 59
2010-07-21 16:00:00, 30.5, 55
2010-07-21 16:06:00, 31.1, 50
2010-07-21 16:12:00, 33.0, 51
2010-07-21 16:18:00, 31.1, 47
2010-07-21 16:24:00, 33.5, 48
2010-07-21 16:30:00, 36.8, 46
2010-07-21 16:36:00, 36.4, 43
2010-07-21 16:42:00, 34.7, 43
2010-07-21 16:48:00, 35.6, 42
2010-07-21 16:54:00, 35.5, 42
2010-07-21 17:00:00, 33.2, 41
2010-07-21 17:06:00, 34.2, 39
2010-07-21 17:12:00, 34.1, 34
2010-07-21 17:18:00, 32.2, 34
2010-07-21 17:24:00, 32.3, 33
2010-07-21 17:30:00, 29.3, 27
2010-07-21 17:36:00, 29.2, 23
2010-07-21 17:42:00, 28.5, 16
2010-07-21 17:48:00, 25.4, 19
2010-07-21 17:54:00, 25.6, 15
2010-07-21 18:00:00, 26.1, 11
2010-07-21 18:06:00, 25.5, 6
2010-07-21 18:12:00, 23.9, 360
2010-07-21 18:18:00, 23.0, 353
2010-07-21 18:24:00, 23.0, 351
2010-07-21 18:30:00, 23.9, 348
2010-07-21 18:36:00, 20.7, 342
2010-07-21 18:42:00, 20.1, 332
2010-07-21 18:48:00, 15.3, 317
2010-07-21 18:54:00, 21.0, 299
2010-07-21 19:00:00, 26.3, 290
2010-07-21 19:06:00, 33.7, 281
2010-07-21 19:12:00, 35.0, 275
2010-07-21 19:18:00, 36.0, 272
2010-07-21 19:24:00, 38.1, 269
2010-07-21 19:30:00, 39.5, 268
2010-07-21 19:36:00, 35.2, 266
2010-07-21 19:42:00, 42.9, 265
2010-07-21 19:48:00, 47.4, 262
2010-07-21 19:54:00, 50.6, 258
2010-07-21 20:00:00, 49.9, 251
2010-07-21 20:06:00, 48.8, 251
2010-07-21 20:12:00, 52.2, 247
2010-07-21 20:18:00, 55.7, 244
2010-07-21 20:24:00, 54.6, 240
2010-07-21 20:30:00, 57.8, 242
2010-07-21 20:36:00, 61.9, 243
2010-07-21 20:42:00, 59.0, 243
2010-07-21 20:48:00, 56.6, 246
2010-07-21 20:54:00, 47.1, 241
2010-07-21 21:00:00, 53.3, 243
2010-07-21 21:06:00, 55.5, 240
2010-07-21 21:12:00, 61.0, 246
2010-07-21 21:18:00, 60.5, 248
2010-07-21 21:24:00, 57.9, 248
2010-07-21 21:30:00, 54.5, 246
2010-07-21 21:36:00, 46.6, 243
2010-07-21 21:42:00, 45.3, 235
2010-07-21 21:48:00, 44.0, 236
2010-07-21 21:54:00, 51.4, 239
2010-07-21 22:00:00, 46.8, 241
2010-07-21 22:06:00, 53.1, 238
2010-07-21 22:12:00, 49.1, 240
2010-07-21 22:18:00, 47.3, 240
2010-07-21 22:24:00, 52.4, 231
2010-07-21 22:30:00, 48.0, 236
2010-07-21 22:36:00, 50.9, 231
2010-07-21 22:42:00, 48.6, 232
2010-07-21 22:48:00, 51.5, 232
2010-07-21 22:54:00, 51.3, 229
2010-07-21 23:00:00, 49.1, 235
2010-07-21 23:06:00, 36.7, 226
2010-07-21 23:12:00, 49.7, 234
2010-07-21 23:18:00, 45.2, 229
2010-07-21 23:24:00, 32.0, 226
2010-07-21 23:30:00, 28.2, 220
2010-07-21 23:36:00, 32.9, 221
2010-07-21 23:42:00, 28.1, 225
2010-07-21 23:48:00, 23.1, 219
2010-07-21 23:54:00, 24.0, 205
2010-07-22 00:00:00, 23.6, 205
2010-07-22 00:06:00, 21.4, 204
2010-07-22 00:12:00, 23.3, 209
2010-07-22 00:18:00, 18.6, 203
2010-07-22 00:24:00, 15.0, 177
2010-07-22 00:30:00, 12.7, 169
2010-07-22 00:36:00, 12.3, 166
2010-07-22 00:42:00, 15.5, 148
2010-07-22 00:48:00, 15.7, 133
2010-07-22 00:54:00, 16.8, 128
2010-07-22 01:00:00, 19.1, 133
2010-07-22 01:06:00, 25.3, 135
2010-07-22 01:12:00, 24.4, 133
2010-07-22 01:18:00, 27.5, 128
2010-07-22 01:24:00, 29.5, 124
2010-07-22 01:30:00, 33.8, 119
2010-07-22 01:36:00, 33.5, 116
2010-07-22 01:42:00, 36.3, 111
2010-07-22 01:48:00, 35.0, 109
2010-07-22 01:54:00, 36.6, 104
2010-07-22 02:00:00, 36.5, 101
2010-07-22 02:06:00, 40.1, 102
2010-07-22 02:12:00, 41.5, 102
2010-07-22 02:18:00, 40.6, 97
2010-07-22 02:24:00, 48.5, 95
2010-07-22 02:30:00, 49.0, 96
2010-07-22 02:36:00, 47.8, 94
2010-07-22 02:42:00, 48.6, 92
2010-07-22 02:48:00, 47.8, 87
2010-07-22 02:54:00, 46.4, 85
2010-07-22 03:00:00, 49.6, 81
2010-07-22 03:06:00, 49.8, 79
2010-07-22 03:12:00, 50.5, 74
2010-07-22 03:18:00, 47.4, 73
2010-07-22 03:24:00, 49.6, 68
2010-07-22 03:30:00, 47.6, 61
2010-07-22 03:36:00, 51.6, 60
2010-07-22 03:42:00, 49.3, 56
2010-07-22 03:48:00, 52.3, 57
2010-07-22 03:54:00, 53.0, 60
2010-07-22 04:00:00, 53.8, 59
2010-07-22 04:06:00, 55.3, 58
2010-07-22 04:12:00, 55.2, 59
2010-07-22 04:18:00, 53.0, 54
2010-07-22 04:24:00, 54.6, 57
2010-07-22 04:30:00, 57.0, 54
2010-07-22 04:36:00, 56.0, 55
2010-07-22 04:42:00, 55.5, 55
2010-07-22 04:48:00, 54.1, 53
2010-07-22 04:54:00, 51.8, 50
2010-07-22 05:00:00, 56.2, 54
2010-07-22 05:06:00, 55.0, 51
2010-07-22 05:12:00, 54.3, 51
2010-07-22 05:18:00, 57.1, 49
2010-07-22 05:24:00, 53.5, 52
2010-07-22 05:30:00, 56.4, 49
2010-07-22 05:36:00, 51.9, 50
2010-07-22 05:42:00, 48.4, 49
2010-07-22 05:48:00, 46.8, 49
2010-07-22 05:54:00, 45.9, 47
2010-07-22 06:00:00, 39.9, 48
2010-07-22 06:06:00, 41.8, 41
2010-07-22 06:12:00, 40.7, 43
2010-07-22 06:18:00, 40.7, 40
2010-07-22 06:24:00, 34.0, 34
2010-07-22 06:30:00, 33.8, 33
2010-07-22 06:36:00, 28.8, 32
2010-07-22 06:42:00, 25.7, 26
2010-07-22 06:48:00, 26.6, 15
2010-07-22 06:54:00, 25.4, 1
2010-07-22 07:00:00, 22.9, 357
2010-07-22 07:06:00, 23.3, 360
2010-07-22 07:12:00, 22.5, 350
2010-07-22 07:18:00, 20.9, 333
2010-07-22 07:24:00, 21.9, 332
2010-07-22 07:30:00, 19.5, 321
2010-07-22 07:36:00, 23.0, 315
2010-07-22 07:42:00, 22.9, 310
2010-07-22 07:48:00, 24.0, 297
2010-07-22 07:54:00, 27.7, 284
2010-07-22 08:00:00, 31.4, 279
2010-07-22 08:06:00, 31.5, 273
2010-07-22 08:12:00, 36.5, 270
2010-07-22 08:18:00, 39.9, 269
2010-07-22 08:24:00, 39.3, 267
2010-07-22 08:30:00, 41.0, 262
2010-07-22 08:36:00, 44.6, 259
2010-07-22 08:42:00, 46.6, 260
2010-07-22 08:48:00, 46.9, 254
2010-07-22 08:54:00, 47.5, 253
2010-07-22 09:00:00, 47.4, 250
2010-07-22 09:06:00, 48.0, 250
2010-07-22 09:12:00, 48.8, 243
2010-07-22 09:18:00, 55.0, 244
2010-07-22 09:24:00, 47.0, 237
2010-07-22 09:30:00, 52.0, 237
2010-07-22 09:36:00, 47.7, 238
2010-07-22 09:42:00, 51.8, 241
2010-07-22 09:48:00, 54.6, 239
2010-07-22 09:54:00, 53.9, 234
2010-07-22 10:00:00, 63.7, 238
2010-07-22 10:06:00, 57.5, 232
2010-07-22 10:12:00, 54.1, 232
2010-07-22 10:18:00, 49.8, 233
2010-07-22 10:24:00, 40.0, 233
2010-07-22 10:30:00, 39.7, 242
2010-07-22 10:36:00, 45.7, 246
2010-07-22 10:42:00, 48.7, 242
2010-07-22 10:48:00, 48.1, 243
2010-07-22 10:54:00, 46.1, 235
2010-07-22 11:00:00, 38.3, 233
2010-07-22 11:06:00, 45.0, 233
2010-07-22 11:12:00, 41.9, 233
2010-07-22 11:18:00, 39.4, 234
2010-07-22 11:24:00, 47.2, 235
2010-07-22 11:30:00, 44.0, 241
2010-07-22 11:36:00, 47.6, 240
2010-07-22 11:42:00, 40.5, 234
2010-07-22 11:48:00, 39.0, 233
2010-07-22 11:54:00, 37.6, 228
2010-07-22 12:00:00, 39.4, 229
2010-07-22 12:06:00, 33.4, 234
2010-07-22 12:12:00, 30.5, 226
2010-07-22 12:18:00, 25.8, 227
2010-07-22 12:24:00, 19.0, 227
2010-07-22 12:30:00, 17.4, 207
2010-07-22 12:36:00, 19.2, 200
2010-07-22 12:42:00, 18.0, 170
2010-07-22 12:48:00, 18.4, 197
2010-07-22 12:54:00, 13.1, 193
2010-07-22 13:00:00, 13.6, 182
2010-07-22 13:06:00, 20.8, 174
2010-07-22 13:12:00, 24.0, 162
2010-07-22 13:18:00, 26.1, 162
2010-07-22 13:24:00, 26.0, 159
2010-07-22 13:30:00, 27.8, 164
2010-07-22 13:36:00, 28.3, 157
2010-07-22 13:42:00, 25.6, 164
2010-07-22 13:48:00, 26.8, 154
2010-07-22 13:54:00, 27.6, 151
2010-07-22 14:00:00, 26.5, 155
2010-07-22 14:06:00, 28.7, 151
2010-07-22 14:12:00, 28.1, 140
2010-07-22 14:18:00, 32.8, 128
2010-07-22 14:24:00, 34.4, 126
2010-07-22 14:30:00, 33.4, 125
2010-07-22 14:36:00, 30.9, 122
2010-07-22 14:42:00, 28.9, 120
2010-07-22 14:48:00, 31.1, 107
2010-07-22 14:54:00, 29.9, 101
2010-07-22 15:00:00, 31.2, 99
2010-07-22 15:06:00, 36.5, 100
2010-07-22 15:12:00, 42.1, 98
2010-07-22 15:18:00, 47.5, 94
2010-07-22 15:24:00, 43.3, 93
2010-07-22 15:30:00, 45.0, 88
2010-07-22 15:36:00, 40.0, 87
2010-07-22 15:42:00, 40.6, 86
2010-07-22 15:48:00, 41.1, 83
2010-07-22 15:54:00, 38.3, 81
2010-07-22 16:00:00, 36.3, 73
2010-07-22 16:06:00, 38.3, 69
2010-07-22 16:12:00, 41.8, 69
2010-07-22 16:18:00, 37.6, 62
2010-07-22 16:24:00, 41.5, 61
2010-07-22 16:30:00, 41.5, 60
2010-07-22 16:36:00, 47.3, 56
2010-07-22 16:42:00, 47.3, 53
2010-07-22 16:48:00, 44.2, 55
2010-07-22 16:54:00, 45.2, 55
2010-07-22 17:00:00, 45.0, 55
2010-07-22 17:06:00, 43.2, 52
2010-07-22 17:12:00, 42.2, 52
2010-07-22 17:18:00, 42.7, 49
2010-07-22 17:24:00, 44.3, 49
2010-07-22 17:30:00, 47.5, 53
2010-07-22 17:36:00, 42.6, 50
2010-07-22 17:42:00, 41.1, 45
2010-07-22 17:48:00, 39.6, 42
2010-07-22 17:54:00, 40.1, 40
2010-07-22 18:00:00, 35.0, 39
2010-07-22 18:06:00, 34.5, 37
2010-07-22 18:12:00, 35.4, 36
2010-07-22 18:18:00, 32.5, 36
2010-07-22 18:24:00, 34.0, 33
2010-07-22 18:30:00, 31.2, 29
2010-07-22 18:36:00, 31.0, 27
2010-07-22 18:42:00, 29.0, 24
2010-07-22 18:48:00, 28.0, 24
2010-07-22 18:54:00, 23.6, 16
2010-07-22 19:00:00, 22.7, 17
2010-07-22 19:06:00, 17.4, 9
2010-07-22 19:12:00, 15.1, 3
2010-07-22 19:18:00, 15.1, 343
2010-07-22 19:24:00, 15.3, 324
2010-07-22 19:30:00, 10.0, 326
2010-07-22 19:36:00, 14.1, 300
2010-07-22 19:42:00, 14.6, 284
2010-07-22 19:48:00, 18.5, 268
2010-07-22 19:54:00, 22.6, 269
2010-07-22 20:00:00, 26.5, 265
2010-07-22 20:06:00, 31.1, 265
2010-07-22 20:12:00, 35.0, 262
2010-07-22 20:18:00, 37.0, 261
2010-07-22 20:24:00, 43.1, 259
2010-07-22 20:30:00, 43.3, 258
2010-07-22 20:36:00, 43.9, 258
2010-07-22 20:42:00, 45.9, 254
2010-07-22 20:48:00, 42.9, 250
2010-07-22 20:54:00, 50.6, 243
2010-07-22 21:00:00, 54.1, 239
2010-07-22 21:06:00, 52.1, 238
2010-07-22 21:12:00, 50.5, 238
2010-07-22 21:18:00, 58.9, 243
2010-07-22 21:24:00, 58.7, 241
2010-07-22 21:30:00, 63.1, 241
2010-07-22 21:36:00, 66.9, 240
2010-07-22 21:42:00, 62.3, 237
2010-07-22 21:48:00, 56.8, 241
2010-07-22 21:54:00, 66.8, 237
2010-07-22 22:00:00, 64.7, 241
2010-07-22 22:06:00, 60.1, 246
2010-07-22 22:12:00, 60.9, 242
2010-07-22 22:18:00, 65.1, 246
2010-07-22 22:24:00, 58.6, 246
2010-07-22 22:30:00, 56.7, 241
2010-07-22 22:36:00, 58.7, 239
2010-07-22 22:42:00, 64.0, 239
2010-07-22 22:48:00, 55.2, 240
2010-07-22 22:54:00, 59.4, 243
2010-07-22 23:00:00, 54.1, 238
2010-07-22 23:06:00, 55.2, 242
2010-07-22 23:12:00, 52.3, 243
2010-07-22 23:18:00, 55.2, 240
2010-07-22 23:24:00, 48.0, 240
2010-07-22 23:30:00, 46.9, 237
2010-07-22 23:36:00, 37.5, 235
2010-07-22 23:42:00, 41.2, 235
2010-07-22 23:48:00, 53.7, 237
2010-07-22 23:54:00, 40.7, 219
2010-07-23 00:00:00, 35.3, 216
2010-07-23 00:06:00, 31.7, 213
2010-07-23 00:12:00, 33.0, 218
2010-07-23 00:18:00, 32.1, 213
2010-07-23 00:24:00, 34.3, 208
2010-07-23 00:30:00, 33.6, 207
2010-07-23 00:36:00, 28.6, 208
2010-07-23 00:42:00, 28.9, 205
2010-07-23 00:48:00, 24.6, 211
2010-07-23 00:54:00, 25.1, 202
2010-07-23 01:00:00, 20.9, 199
2010-07-23 01:06:00, 18.1, 181
2010-07-23 01:12:00, 18.7, 179
2010-07-23 01:18:00, 21.3, 172
2010-07-23 01:24:00, 21.5, 176
2010-07-23 01:30:00, 19.9, 179
2010-07-23 01:36:00, 19.1, 166
2010-07-23 01:42:00, 24.0, 165
2010-07-23 01:48:00, 22.3, 164
2010-07-23 01:54:00, 22.4, 156
2010-07-23 02:00:00, 24.6, 143
2010-07-23 02:06:00, 27.8, 143
2010-07-23 02:12:00, 27.4, 138
2010-07-23 02:18:00, 32.5, 140
2010-07-23 02:24:00, 34.8, 133
2010-07-23 02:30:00, 36.2, 132
2010-07-23 02:36:00, 36.1, 126
2010-07-23 02:42:00, 37.8, 124
2010-07-23 02:48:00, 33.2, 117
2010-07-23 02:54:00, 37.8, 112
2010-07-23 03:00:00, 37.2, 107
2010-07-23 03:06:00, 38.7, 106
2010-07-23 03:12:00, 40.6, 105
2010-07-23 03:18:00, 40.0, 100
2010-07-23 03:24:00, 39.1, 103
2010-07-23 03:30:00, 45.9, 96
2010-07-23 03:36:00, 47.4, 102
2010-07-23 03:42:00, 48.7, 98
2010-07-23 03:48:00, 49.8, 97
2010-07-23 03:54:00, 50.0, 90
2010-07-23 04:00:00, 51.6, 85
2010-07-23 04:06:00, 51.1, 82
2010-07-23 04:12:00, 49.4, 79
2010-07-23 04:18:00, 51.7, 76
2010-07-23 04:24:00, 51.5, 77
2010-07-23 04:30:00, 49.0, 75
2010-07-23 04:36:00, 47.6, 72
2010-07-23 04:42:00, 43.1, 62
2010-07-23 04:48:00, 39.1, 55
2010-07-23 04:54:00, 42.5, 59
2010-07-23 05:00:00, 47.5, 58
2010-07-23 05:06:00, 46.4, 58
2010-07-23 05:12:00, 44.1, 52
2010-07-23 05:18:00, 46.3, 55
2010-07-23 05:24:00, 43.0, 54
2010-07-23 05:30:00, 47.8, 55
2010-07-23 05:36:00, 51.6, 55
2010-07-23 05:42:00, 49.2, 54
2010-07-23 05:48:00, 49.4, 52
2010-07-23 05:54:00, 50.1, 51
2010-07-23 06:00:00, 51.0, 52
2010-07-23 06:06:00, 51.7, 52
2010-07-23 06:12:00, 53.9, 51
2010-07-23 06:18:00, 51.2, 51
2010-07-23 06:24:00, 48.7, 47
2010-07-23 06:30:00, 49.0, 46
2010-07-23 06:36:00, 45.3, 50
2010-07-23 06:42:00, 49.2, 47
2010-07-23 06:48:00, 46.3, 42
2010-07-23 06:54:00, 42.6, 45
2010-07-23 07:00:00, 39.7, 37
2010-07-23 07:06:00, 40.0, 39
2010-07-23 07:12:00, 37.5, 31
2010-07-23 07:18:00, 37.1, 31
2010-07-23 07:24:00, 35.2, 26
2010-07-23 07:30:00, 32.6, 27
2010-07-23 07:36:00, 30.9, 22
2010-07-23 07:42:00, 30.3, 18
2010-07-23 07:48:00, 26.5, 13
2010-07-23 07:54:00, 27.0, 4
2010-07-23 08:00:00, 25.5, 1
2010-07-23 08:06:00, 25.1, 356
2010-07-23 08:12:00, 24.1, 350
2010-07-23 08:18:00, 22.8, 356
2010-07-23 08:24:00, 14.7, 327
2010-07-23 08:30:00, 18.0, 312
2010-07-23 08:36:00, 22.7, 299
2010-07-23 08:42:00, 24.1, 290
2010-07-23 08:48:00, 25.5, 276
2010-07-23 08:54:00, 26.9, 275
2010-07-23 09:00:00, 32.3, 268
2010-07-23 09:06:00, 35.9, 265
2010-07-23 09:12:00, 38.0, 267
2010-07-23 09:18:00, 37.3, 258
2010-07-23 09:24:00, 40.4, 255
2010-07-23 09:30:00, 43.3, 250
2010-07-23 09:36:00, 49.7, 246
2010-07-23 09:42:00, 52.7, 246
2010-07-23 09:48:00, 52.6, 241
2010-07-23 09:54:00, 49.2, 238
2010-07-23 10:00:00, 58.0, 234
2010-07-23 10:06:00, 57.4, 241
2010-07-23 10:12:00, 62.3, 240
2010-07-23 10:18:00, 56.3, 238
2010-07-23 10:24:00, 53.0, 235
2010-07-23 10:30:00, 50.6, 236
2010-07-23 10:36:00, 47.6, 234
2010-07-23 10:42:00, 56.1, 241
2010-07-23 10:48:00, 61.0, 240
2010-07-23 10:54:00, 60.3, 243
2010-07-23 11:00:00, 66.3, 241
2010-07-23 11:06:00, 63.9, 242
2010-07-23 11:12:00, 60.7, 247
2010-07-23 11:18:00, 56.4, 236
2010-07-23 11:24:00, 56.5, 240
2010-07-23 11:30:00, 52.8, 242
2010-07-23 11:36:00, 49.4, 240
2010-07-23 11:42:00, 50.6, 238
2010-07-23 11:48:00, 52.5, 236
2010-07-23 11:54:00, 56.6, 242
2010-07-23 12:00:00, 49.5, 237
2010-07-23 12:06:00, 45.3, 235
2010-07-23 12:12:00, 49.6, 237
2010-07-23 12:18:00, 46.0, 233
2010-07-23 12:24:00, 40.8, 233
2010-07-23 12:30:00, 50.7, 234
2010-07-23 12:36:00, 47.0, 226
2010-07-23 12:42:00, 40.5, 222
2010-07-23 12:48:00, 39.8, 220
2010-07-23 12:54:00, 32.2, 218
2010-07-23 13:00:00, 31.7, 217
2010-07-23 13:06:00, 33.2, 212
2010-07-23 13:12:00, 30.5, 202
2010-07-23 13:18:00, 29.8, 204
2010-07-23 13:24:00, 26.8, 207
2010-07-23 13:30:00, 24.4, 208
2010-07-23 13:36:00, 20.2, 195
2010-07-23 13:42:00, 19.6, 183
2010-07-23 13:48:00, 18.7, 193
2010-07-23 13:54:00, 19.5, 193
2010-07-23 14:00:00, 15.7, 183
2010-07-23 14:06:00, 20.4, 171
2010-07-23 14:12:00, 20.5, 174
2010-07-23 14:18:00, 22.7, 160
2010-07-23 14:24:00, 21.9, 160
2010-07-23 14:30:00, 25.6, 158
2010-07-23 14:36:00, 23.7, 151
2010-07-23 14:42:00, 26.6, 140
2010-07-23 14:48:00, 25.9, 142
2010-07-23 14:54:00, 27.9, 143
2010-07-23 15:00:00, 26.9, 139
2010-07-23 15:06:00, 30.3, 129
2010-07-23 15:12:00, 33.7, 128
2010-07-23 15:18:00, 30.1, 121
2010-07-23 15:24:00, 28.8, 120
2010-07-23 15:30:00, 29.4, 115
2010-07-23 15:36:00, 37.4, 114
2010-07-23 15:42:00, 32.3, 111
2010-07-23 15:48:00, 32.4, 105
2010-07-23 15:54:00, 37.0, 107
2010-07-23 16:00:00, 39.1, 115
2010-07-23 16:06:00, 40.4, 104
2010-07-23 16:12:00, 41.0, 101
2010-07-23 16:18:00, 42.2, 91
2010-07-23 16:24:00, 43.4, 92
2010-07-23 16:30:00, 44.5, 88
2010-07-23 16:36:00, 47.6, 93
2010-07-23 16:42:00, 41.7, 90
2010-07-23 16:48:00, 44.1, 85
2010-07-23 16:54:00, 45.9, 82
2010-07-23 17:00:00, 42.0, 75
2010-07-23 17:06:00, 40.3, 72
2010-07-23 17:12:00, 42.0, 70
2010-07-23 17:18:00, 45.6, 69
2010-07-23 17:24:00, 40.4, 64
2010-07-23 17:30:00, 35.7, 56
2010-07-23 17:36:00, 34.7, 58
2010-07-23 17:42:00, 35.9, 58
2010-07-23 17:48:00, 31.3, 54
2010-07-23 17:54:00, 32.1, 53
2010-07-23 18:00:00, 35.3, 50
2010-07-23 18:06:00, 36.9, 54
2010-07-23 18:12:00, 37.3, 52
2010-07-23 18:18:00, 36.9, 55
2010-07-23 18:24:00, 29.8, 45
2010-07-23 18:30:00, 32.6, 53
2010-07-23 18:36:00, 32.4, 53
2010-07-23 18:42:00, 31.0, 52
2010-07-23 18:48:00, 30.8, 48
2010-07-23 18:54:00, 28.2, 44
2010-07-23 19:00:00, 26.1, 44
2010-07-23 19:06:00, 29.0, 39
2010-07-23 19:12:00, 25.6, 38
2010-07-23 19:18:00, 26.1, 27
2010-07-23 19:24:00, 26.3, 27
2010-07-23 19:30:00, 25.2, 21
2010-07-23 19:36:00, 20.9, 13
2010-07-23 19:42:00, 20.3, 12
2010-07-23 19:48:00, 19.4, 358
2010-07-23 19:54:00, 18.9, 345
2010-07-23 20:00:00, 17.0, 346
2010-07-23 20:06:00, 19.3, 333
2010-07-23 20:12:00, 18.0, 325
2010-07-23 20:18:00, 23.3, 318
2010-07-23 20:24:00, 23.7, 312
2010-07-23 20:30:00, 25.7, 305
2010-07-23 20:36:00, 29.1, 293
2010-07-23 20:42:00, 30.4, 287
2010-07-23 20:48:00, 31.4, 288
2010-07-23 20:54:00, 32.8, 277
2010-07-23 21:00:00, 33.3, 267
2010-07-23 21:06:00, 39.5, 271
2010-07-23 21:12:00, 39.6, 261
2010-07-23 21:18:00, 42.5, 259
2010-07-23 21:24:00, 42.6, 255
2010-07-23 21:30:00, 51.1, 252
2010-07-23 21:36:00, 48.6, 250
2010-07-23 21:42:00, 50.5, 247
2010-07-23 21:48:00, 54.1, 249
2010-07-23 21:54:00, 51.3, 247
2010-07-23 22:00:00, 57.9, 244
2010-07-23 22:06:00, 62.2, 244
2010-07-23 22:12:00, 64.2, 242
2010-07-23 22:18:00, 63.7, 244
2010-07-23 22:24:00, 59.1, 243
2010-07-23 22:30:00, 56.3, 244
2010-07-23 22:36:00, 57.5, 244
2010-07-23 22:42:00, 61.0, 242
2010-07-23 22:48:00, 69.5, 245
2010-07-23 22:54:00, 66.5, 245
2010-07-23 23:00:00, 57.4, 247
2010-07-23 23:06:00, 56.9, 246
2010-07-23 23:12:00, 54.9, 239
2010-07-23 23:18:00, 57.2, 247
2010-07-23 23:24:00, 56.9, 245
2010-07-23 23:30:00, 45.7, 239
2010-07-23 23:36:00, 51.8, 235
2010-07-23 23:42:00, 61.8, 240
2010-07-23 23:48:00, 55.9, 236
2010-07-23 23:54:00, 55.7, 238
2010-07-24 00:00:00, 48.9, 237
2010-07-24 00:06:00, 47.4, 236
2010-07-24 00:12:00, 51.5, 236
2010-07-24 00:18:00, 48.7, 234
2010-07-24 00:24:00, 52.6, 233
2010-07-24 00:30:00, 49.2, 229
2010-07-24 00:36:00, 49.2, 234
2010-07-24 00:42:00, 45.5, 232
2010-07-24 00:48:00, 42.4, 227
2010-07-24 00:54:00, 46.7, 226
2010-07-24 01:00:00, 51.3, 239
2010-07-24 01:06:00, 44.8, 236
2010-07-24 01:12:00, 37.2, 235
2010-07-24 01:18:00, 25.6, 222
2010-07-24 01:24:00, 31.5, 223
2010-07-24 01:30:00, 32.6, 222
2010-07-24 01:36:00, 29.8, 216
2010-07-24 01:42:00, 27.7, 220
2010-07-24 01:48:00, 25.6, 220
2010-07-24 01:54:00, 24.2, 215
2010-07-24 02:00:00, 23.7, 204
2010-07-24 02:06:00, 18.6, 190
2010-07-24 02:12:00, 16.3, 198
2010-07-24 02:18:00, 16.4, 170
2010-07-24 02:24:00, 17.6, 163
2010-07-24 02:30:00, 14.2, 155
2010-07-24 02:36:00, 13.9, 144
2010-07-24 02:42:00, 18.0, 137
2010-07-24 02:48:00, 20.8, 134
2010-07-24 02:54:00, 24.9, 136
2010-07-24 03:00:00, 26.8, 130
2010-07-24 03:06:00, 30.5, 124
2010-07-24 03:12:00, 28.3, 127
2010-07-24 03:18:00, 27.4, 121
2010-07-24 03:24:00, 30.6, 120
2010-07-24 03:30:00, 32.6, 114
2010-07-24 03:36:00, 32.3, 109
2010-07-24 03:42:00, 38.3, 107
2010-07-24 03:48:00, 41.2, 105
2010-07-24 03:54:00, 33.6, 104
2010-07-24 04:00:00, 36.1, 97
2010-07-24 04:06:00, 43.5, 97
2010-07-24 04:12:00, 43.3, 91
2010-07-24 04:18:00, 47.7, 91
2010-07-24 04:24:00, 47.0, 93
2010-07-24 04:30:00, 44.7, 93
2010-07-24 04:36:00, 46.5, 86
2010-07-24 04:42:00, 47.5, 86
2010-07-24 04:48:00, 50.6, 88
2010-07-24 04:54:00, 48.9, 83
2010-07-24 05:00:00, 51.0, 78
2010-07-24 05:06:00, 50.1, 72
2010-07-24 05:12:00, 47.9, 71
2010-07-24 05:18:00, 48.1, 67
2010-07-24 05:24:00, 45.2, 64
2010-07-24 05:30:00, 46.9, 63
2010-07-24 05:36:00, 53.2, 62
2010-07-24 05:42:00, 54.7, 59
2010-07-24 05:48:00, 51.4, 58
2010-07-24 05:54:00, 54.3, 56
2010-07-24 06:00:00, 56.4, 60
2010-07-24 06:06:00, 55.1, 58
2010-07-24 06:12:00, 50.9, 60
2010-07-24 06:18:00, 57.0, 58
2010-07-24 06:24:00, 52.7, 59
2010-07-24 06:30:00, 46.1, 56
2010-07-24 06:36:00, 52.1, 52
2010-07-24 06:42:00, 52.2, 54
2010-07-24 06:48:00, 49.9, 55
2010-07-24 06:54:00, 50.7, 53
2010-07-24 07:00:00, 52.1, 56
2010-07-24 07:06:00, 50.4, 53
2010-07-24 07:12:00, 49.8, 50
2010-07-24 07:18:00, 51.4, 48
2010-07-24 07:24:00, 50.4, 50
2010-07-24 07:30:00, 53.3, 43
2010-07-24 07:36:00, 49.1, 41
2010-07-24 07:42:00, 47.7, 41
2010-07-24 07:48:00, 46.9, 37
2010-07-24 07:54:00, 44.9, 37
2010-07-24 08:00:00, 40.7, 36
2010-07-24 08:06:00, 35.0, 28
2010-07-24 08:12:00, 37.5, 31
2010-07-24 08:18:00, 33.9, 27
2010-07-24 08:24:00, 33.8, 27
2010-07-24 08:30:00, 31.0, 19
2010-07-24 08:36:00, 29.9, 17
2010-07-24 08:42:00, 29.1, 8
2010-07-24 08:48:00, 29.0, 8
2010-07-24 08:54:00, 25.9, 356
2010-07-24 09:00:00, 24.2, 352
2010-07-24 09:06:00, 24.3, 349
2010-07-24 09:12:00, 23.1, 326
2010-07-24 09:18:00, 23.8, 329
2010-07-24 09:24:00, 28.3, 318
2010-07-24 09:30:00, 28.9, 302
2010-07-24 09:36:00, 29.3, 295
2010-07-24 09:42:00, 28.8, 292
2010-07-24 09:48:00, 33.2, 279
2010-07-24 09:54:00, 33.7, 272
2010-07-24 10:00:00, 40.3, 269
2010-07-24 10:06:00, 42.4, 265
2010-07-24 10:12:00, 48.7, 264
2010-07-24 10:18:00, 44.9, 262
2010-07-24 10:24:00, 49.2, 255
2010-07-24 10:30:00, 48.2, 250
2010-07-24 10:36:00, 45.7, 248
2010-07-24 10:42:00, 49.0, 243
2010-07-24 10:48:00, 50.1, 240
2010-07-24 10:54:00, 53.9, 238
2010-07-24 11:00:00, 60.4, 235
2010-07-24 11:06:00, 56.3, 238
2010-07-24 11:12:00, 53.9, 241
2010-07-24 11:18:00, 59.9, 235
2010-07-24 11:24:00, 64.5, 236
2010-07-24 11:30:00, 66.1, 242
2010-07-24 11:36:00, 65.2, 245
2010-07-24 11:42:00, 64.8, 239
2010-07-24 11:48:00, 62.9, 238
2010-07-24 11:54:00, 64.4, 239
2010-07-24 12:00:00, 59.7, 239
2010-07-24 12:06:00, 58.9, 243
2010-07-24 12:12:00, 62.6, 245
2010-07-24 12:18:00, 55.6, 240
2010-07-24 12:24:00, 48.0, 239
2010-07-24 12:30:00, 48.1, 236
2010-07-24 12:36:00, 43.6, 237
2010-07-24 12:42:00, 47.2, 234
2010-07-24 12:48:00, 51.7, 234
2010-07-24 12:54:00, 43.6, 232
2010-07-24 13:00:00, 50.7, 239
2010-07-24 13:06:00, 51.4, 232
2010-07-24 13:12:00, 55.9, 229
2010-07-24 13:18:00, 57.1, 233
2010-07-24 13:24:00, 45.3, 232
2010-07-24 13:30:00, 41.9, 230
2010-07-24 13:36:00, 35.3, 225
2010-07-24 13:42:00, 31.3, 218
2010-07-24 13:48:00, 31.7, 223
2010-07-24 13:54:00, 32.5, 226
2010-07-24 14:00:00, 31.3, 226
2010-07-24 14:06:00, 27.9, 203
2010-07-24 14:12:00, 23.3, 212
2010-07-24 14:18:00, 24.4, 217
2010-07-24 14:24:00, 23.7, 208
2010-07-24 14:30:00, 22.2, 211
2010-07-24 14:36:00, 19.6, 198
2010-07-24 14:42:00, 16.2, 195
2010-07-24 14:48:00, 13.7, 187
2010-07-24 14:54:00, 15.3, 189
2010-07-24 15:00:00, 13.3, 176
2010-07-24 15:06:00, 16.5, 164
2010-07-24 15:12:00, 21.7, 149
2010-07-24 15:18:00, 20.9, 160
2010-07-24 15:24:00, 22.1, 150
2010-07-24 15:30:00, 21.3, 146
2010-07-24 15:36:00, 30.6, 140
2010-07-24 15:42:00, 34.4, 140
2010-07-24 15:48:00, 33.8, 134
2010-07-24 15:54:00, 33.5, 134
2010-07-24 16:00:00, 35.7, 129
2010-07-24 16:06:00, 33.8, 119
2010-07-24 16:12:00, 34.4, 121
2010-07-24 16:18:00, 34.7, 119
2010-07-24 16:24:00, 35.1, 112
2010-07-24 16:30:00, 40.0, 111
2010-07-24 16:36:00, 41.0, 107
2010-07-24 16:42:00, 40.4, 109
2010-07-24 16:48:00, 44.5, 107
2010-07-24 16:54:00, 43.3, 103
2010-07-24 17:00:00, 44.3, 103
2010-07-24 17:06:00, 48.1, 97
2010-07-24 17:12:00, 47.7, 94
2010-07-24 17:18:00, 47.3, 89
2010-07-24 17:24:00, 47.3, 89
2010-07-24 17:30:00, 43.5, 86
2010-07-24 17:36:00, 44.5, 81
2010-07-24 17:42:00, 43.9, 78
2010-07-24 17:48:00, 42.8, 72
2010-07-24 17:54:00, 41.9, 67
2010-07-24 18:00:00, 40.9, 65
2010-07-24 18:06:00, 40.4, 65
2010-07-24 18:12:00, 44.8, 61
2010-07-24 18:18:00, 45.8, 63
2010-07-24 18:24:00, 44.6, 58
2010-07-24 18:30:00, 41.4, 57
2010-07-24 18:36:00, 40.8, 53
2010-07-24 18:42:00, 42.4, 50
2010-07-24 18:48:00, 40.1, 51
2010-07-24 18:54:00, 39.4, 51
2010-07-24 19:00:00, 35.9, 52
2010-07-24 19:06:00, 38.1, 50
2010-07-24 19:12:00, 38.7, 54
2010-07-24 19:18:00, 38.4, 53
2010-07-24 19:24:00, 37.2, 51
2010-07-24 19:30:00, 38.1, 49
2010-07-24 19:36:00, 36.0, 52
2010-07-24 19:42:00, 31.9, 47
2010-07-24 19:48:00, 31.0, 46
2010-07-24 19:54:00, 31.9, 40
2010-07-24 20:00:00, 30.8, 32
2010-07-24 20:06:00, 28.5, 26
2010-07-24 20:12:00, 28.5, 28
2010-07-24 20:18:00, 22.7, 23
2010-07-24 20:24:00, 23.0, 14
2010-07-24 20:30:00, 23.2, 11
2010-07-24 20:36:00, 24.6, 2
2010-07-24 20:42:00, 23.8, 359
2010-07-24 20:48:00, 21.2, 356
2010-07-24 20:54:00, 23.1, 340
2010-07-24 21:00:00, 24.8, 335
2010-07-24 21:06:00, 26.7, 332
2010-07-24 21:12:00, 23.8, 332
2010-07-24 21:18:00, 21.7, 316
2010-07-24 21:24:00, 23.4, 311
2010-07-24 21:30:00, 22.8, 304
2010-07-24 21:36:00, 24.2, 280
2010-07-24 21:42:00, 29.3, 279
2010-07-24 21:48:00, 31.4, 271
2010-07-24 21:54:00, 31.5, 266
2010-07-24 22:00:00, 40.7, 266
2010-07-24 22:06:00, 42.3, 260
2010-07-24 22:12:00, 42.8, 257
2010-07-24 22:18:00, 44.4, 253
2010-07-24 22:24:00, 47.4, 253
2010-07-24 22:30:00, 47.4, 249
2010-07-24 22:36:00, 49.8, 251
2010-07-24 22:42:00, 44.3, 250
2010-07-24 22:48:00, 54.9, 247
2010-07-24 22:54:00, 60.1, 251
2010-07-24 23:00:00, 60.8, 250
2010-07-24 23:06:00, 59.6, 246
2010-07-24 23:12:00, 59.8, 245
2010-07-24 23:18:00, 61.3, 240
2010-07-24 23:24:00, 63.8, 240
2010-07-24 23:30:00, 57.8, 237
2010-07-24 23:36:00, 56.4, 248
2010-07-24 23:42:00, 55.5, 250
2010-07-24 23:48:00, 51.8, 246
2010-07-24 23:54:00, 54.0, 248
2010-07-25 00:00:00, 52.7, 243
2010-07-25 00:06:00, 51.2, 241
2010-07-25 00:12:00, 53.4, 237
2010-07-25 00:18:00, 59.7, 241
2010-07-25 00:24:00, 59.9, 237
2010-07-25 00:30:00, 52.7, 235
2010-07-25 00:36:00, 47.5, 230
2010-07-25 00:42:00, 43.3, 227
2010-07-25 00:48:00, 37.3, 226
2010-07-25 00:54:00, 48.8, 232
2010-07-25 01:00:00, 52.6, 235
2010-07-25 01:06:00, 60.3, 236
2010-07-25 01:12:00, 65.8, 234
2010-07-25 01:18:00, 57.8, 236
2010-07-25 01:24:00, 52.2, 229
2010-07-25 01:30:00, 57.2, 229
2010-07-25 01:36:00, 55.0, 230
2010-07-25 01:42:00, 47.6, 238
2010-07-25 01:48:00, 41.1, 224
2010-07-25 01:54:00, 33.5, 219
2010-07-25 02:00:00, 30.9, 217
2010-07-25 02:06:00, 32.0, 213
2010-07-25 02:12:00, 32.7, 212
2010-07-25 02:18:00, 32.3, 213
2010-07-25 02:24:00, 34.2, 215
2010-07-25 02:30:00, 28.6, 217
2010-07-25 02:36:00, 29.6, 222
2010-07-25 02:42:00, 23.6, 204
2010-07-25 02:48:00, 21.8, 193
2010-07-25 02:54:00, 17.3, 187
2010-07-25 03:00:00, 15.4, 192
2010-07-25 03:06:00, 18.1, 183
2010-07-25 03:12:00, 21.5, 166
2010-07-25 03:18:00, 19.9, 161
2010-07-25 03:24:00, 18.3, 158
2010-07-25 03:30:00, 22.4, 157
2010-07-25 03:36:00, 22.0, 155
2010-07-25 03:42:00, 21.7, 150
2010-07-25 03:48:00, 28.1, 136
2010-07-25 03:54:00, 25.6, 143
2010-07-25 04:00:00, 27.7, 140
2010-07-25 04:06:00, 30.7, 133
2010-07-25 04:12:00, 30.6, 121
2010-07-25 04:18:00, 33.9, 118
2010-07-25 04:24:00, 35.5, 118
2010-07-25 04:30:00, 38.9, 113
2010-07-25 04:36:00, 35.9, 110
2010-07-25 04:42:00, 38.6, 108
2010-07-25 04:48:00, 40.2, 105
2010-07-25 04:54:00, 43.3, 104
2010-07-25 05:00:00, 44.9, 104
2010-07-25 05:06:00, 46.7, 101
2010-07-25 05:12:00, 45.6, 99
2010-07-25 05:18:00, 47.8, 94
2010-07-25 05:24:00, 50.0, 91
2010-07-25 05:30:00, 48.5, 90
2010-07-25 05:36:00, 44.9, 90
2010-07-25 05:42:00, 45.3, 87
2010-07-25 05:48:00, 45.1, 80
2010-07-25 05:54:00, 47.2, 75
2010-07-25 06:00:00, 49.4, 71
2010-07-25 06:06:00, 43.0, 69
2010-07-25 06:12:00, 39.3, 66
2010-07-25 06:18:00, 43.5, 58
2010-07-25 06:24:00, 49.9, 59
2010-07-25 06:30:00, 50.6, 61
2010-07-25 06:36:00, 50.5, 59
2010-07-25 06:42:00, 46.5, 62
2010-07-25 06:48:00, 40.5, 61
2010-07-25 06:54:00, 43.8, 57
2010-07-25 07:00:00, 43.8, 55
2010-07-25 07:06:00, 45.1, 56
2010-07-25 07:12:00, 47.3, 55
2010-07-25 07:18:00, 48.1, 56
2010-07-25 07:24:00, 52.1, 57
2010-07-25 07:30:00, 49.3, 55
2010-07-25 07:36:00, 45.9, 51
2010-07-25 07:42:00, 45.3, 50
2010-07-25 07:48:00, 43.8, 49
2010-07-25 07:54:00, 41.3, 44
2010-07-25 08:00:00, 43.9, 42
2010-07-25 08:06:00, 41.5, 44
2010-07-25 08:12:00, 42.9, 41
2010-07-25 08:18:00, 38.4, 41
2010-07-25 08:24:00, 35.8, 43
2010-07-25 08:30:00, 37.5, 38
2010-07-25 08:36:00, 37.2, 39
2010-07-25 08:42:00, 35.7, 32
2010-07-25 08:48:00, 34.9, 33
2010-07-25 08:54:00, 33.8, 29
2010-07-25 09:00:00, 31.0, 32
2010-07-25 09:06:00, 31.5, 24
2010-07-25 09:12:00, 30.4, 19
2010-07-25 09:18:00, 30.2, 18
2010-07-25 09:24:00, 35.2, 17
2010-07-25 09:30:00, 29.8, 13
2010-07-25 09:36:00, 28.1, 10
2010-07-25 09:42:00, 24.3, 358
2010-07-25 09:48:00, 23.9, 337
2010-07-25 09:54:00, 25.4, 323
2010-07-25 10:00:00, 29.1, 301
2010-07-25 10:06:00, 32.5, 296
2010-07-25 10:12:00, 34.7, 289
2010-07-25 10:18:00, 35.0, 277
2010-07-25 10:24:00, 32.9, 282
2010-07-25 10:30:00, 40.3, 276
2010-07-25 10:36:00, 40.3, 272
2010-07-25 10:42:00, 42.1, 268
2010-07-25 10:48:00, 43.8, 262
2010-07-25 10:54:00, 47.6, 264
2010-07-25 11:00:00, 45.8, 262
2010-07-25 11:06:00, 50.2, 256
2010-07-25 11:12:00, 52.8, 253
2010-07-25 11:18:00, 56.3, 250
2010-07-25 11:24:00, 52.8, 251
2010-07-25 11:30:00, 57.8, 246
2010-07-25 11:36:00, 52.0, 239
2010-07-25 11:42:00, 54.5, 242
2010-07-25 11:48:00, 57.1, 243
2010-07-25 11:54:00, 54.2, 241
2010-07-25 12:00:00, 63.1, 244
2010-07-25 12:06:00, 58.1, 241
2010-07-25 12:12:00, 59.7, 246
2010-07-25 12:18:00, 60.7, 246
2010-07-25 12:24:00, 49.3, 236
2010-07-25 12:30:00, 56.2, 238
2010-07-25 12:36:00, 56.8, 235
2010-07-25 12:42:00, 49.2, 232
2010-07-25 12:48:00, 49.2, 230
2010-07-25 12:54:00, 53.9, 234
2010-07-25 13:00:00, 48.9, 236
2010-07-25 13:06:00, 40.8, 232
2010-07-25 13:12:00, 46.1, 235
2010-07-25 13:18:00, 52.5, 234
2010-07-25 13:24:00, 50.2, 236
2010-07-25 13:30:00, 54.2, 234
2010-07-25 13:36:00, 48.1, 225
2010-07-25 13:42:00, 62.7, 235
2010-07-25 13:48:00, 47.3, 225
2010-07-25 13:54:00, 48.9, 229
2010-07-25 14:00:00, 51.1, 232
2010-07-25 14:06:00, 52.2, 239
2010-07-25 14:12:00, 55.4, 232
2010-07-25 14:18:00, 49.9, 233
2010-07-25 14:24:00, 42.8, 230
2010-07-25 14:30:00, 27.7, 216
2010-07-25 14:36:00, 31.7, 221
2010-07-25 14:42:00, 30.4, 215
2010-07-25 14:48:00, 31.7, 209
2010-07-25 14:54:00, 27.5, 210
2010-07-25 15:00:00, 25.5, 203
2010-07-25 15:06:00, 24.4, 197
2010-07-25 15:12:00, 21.7, 197
2010-07-25 15:18:00, 18.0, 195
2010-07-25 15:24:00, 15.9, 196
2010-07-25 15:30:00, 18.3, 183
2010-07-25 15:36:00, 20.0, 184
2010-07-25 15:42:00, 19.9, 164
2010-07-25 15:48:00, 21.1, 166
2010-07-25 15:54:00, 22.6, 160
2010-07-25 16:00:00, 24.7, 155
2010-07-25 16:06:00, 25.4, 158
2010-07-25 16:12:00, 22.7, 153
2010-07-25 16:18:00, 24.7, 142
2010-07-25 16:24:00, 28.4, 146
2010-07-25 16:30:00, 30.7, 142
2010-07-25 16:36:00, 30.1, 138
2010-07-25 16:42:00, 31.4, 137
2010-07-25 16:48:00, 32.6, 125
2010-07-25 16:54:00, 34.4, 117
2010-07-25 17:00:00, 32.2, 120
2010-07-25 17:06:00, 34.2, 109
2010-07-25 17:12:00, 38.1, 105
2010-07-25 17:18:00, 37.3, 105
2010-07-25 17:24:00, 39.1, 103
2010-07-25 17:30:00, 40.8, 104
2010-07-25 17:36:00, 46.7, 105
2010-07-25 17:42:00, 45.9, 100
2010-07-25 17:48:00, 49.8, 94
2010-07-25 17:54:00, 46.7, 92
2010-07-25 18:00:00, 48.0, 92
2010-07-25 18:06:00, 46.7, 89
2010-07-25 18:12:00, 46.9, 86
2010-07-25 18:18:00, 45.0, 84
2010-07-25 18:24:00, 44.3, 78
2010-07-25 18:30:00, 44.3, 77
2010-07-25 18:36:00, 42.8, 71
2010-07-25 18:42:00, 40.1, 69
2010-07-25 18:48:00, 43.4, 68
2010-07-25 18:54:00, 39.1, 63
2010-07-25 19:00:00, 37.7, 60
2010-07-25 19:06:00, 37.7, 58
2010-07-25 19:12:00, 38.7, 53
2010-07-25 19:18:00, 41.4, 56
2010-07-25 19:24:00, 40.4, 51
2010-07-25 19:30:00, 38.7, 48
2010-07-25 19:36:00, 37.1, 52
2010-07-25 19:42:00, 36.0, 50
2010-07-25 19:48:00, 37.5, 47
2010-07-25 19:54:00, 36.9, 54
2010-07-25 20:00:00, 38.1, 47
2010-07-25 20:06:00, 38.5, 51
2010-07-25 20:12:00, 38.3, 50
2010-07-25 20:18:00, 36.1, 47
2010-07-25 20:24:00, 33.9, 45
2010-07-25 20:30:00, 32.7, 41
2010-07-25 20:36:00, 33.7, 42
2010-07-25 20:42:00, 34.2, 38
2010-07-25 20:48:00, 33.5, 34
2010-07-25 20:54:00, 29.5, 37
2010-07-25 21:00:00, 28.8, 28
2010-07-25 21:06:00, 28.5, 27
2010-07-25 21:12:00, 30.1, 21
2010-07-25 21:18:00, 29.4, 18
2010-07-25 21:24:00, 26.6, 19
2010-07-25 21:30:00, 21.6, 1
2010-07-25 21:36:00, 20.3, 354
2010-07-25 21:42:00, 20.2, 352
2010-07-25 21:48:00, 20.5, 346
2010-07-25 21:54:00, 17.0, 332
2010-07-25 22:00:00, 14.3, 315
2010-07-25 22:06:00, 11.5, 301
2010-07-25 22:12:00, 17.3, 283
2010-07-25 22:18:00, 23.9, 278
2010-07-25 22:24:00, 30.6, 280
2010-07-25 22:30:00, 34.4, 276
2010-07-25 22:36:00, 36.7, 273
2010-07-25 22:42:00, 42.6, 271
2010-07-25 22:48:00, 42.6, 272
2010-07-25 22:54:00, 44.5, 265
2010-07-25 23:00:00, 42.4, 263
2010-07-25 23:06:00, 43.1, 259
2010-07-25 23:12:00, 45.8, 253
2010-07-25 23:18:00, 43.7, 250
2010-07-25 23:24:00, 46.5, 249
2010-07-25 23:30:00, 49.7, 246
2010-07-25 23:36:00, 52.5, 240
2010-07-25 23:42:00, 54.4, 242
2010-07-25 23:48:00, 51.3, 239
2010-07-25 23:54:00, 55.7, 240
2010-07-26 00:00:00, 61.0, 236
2010-07-26 00:06:00, 57.4, 239
2010-07-26 00:12:00, 56.5, 242
2010-07-26 00:18:00, 56.0, 245
2010-07-26 00:24:00, 54.4, 237
2010-07-26 00:30:00, 53.1, 237
2010-07-26 00:36:00, 62.3, 237
2010-07-26 00:42:00, 52.3, 236
2010-07-26 00:48:00, 53.8, 237
2010-07-26 00:54:00, 52.9, 234
2010-07-26 01:00:00, 56.9, 236
2010-07-26 01:06:00, 57.5, 237
2010-07-26 01:12:00, 61.5, 237
2010-07-26 01:18:00, 56.7, 234
2010-07-26 01:24:00, 52.3, 237
2010-07-26 01:30:00, 43.4, 232
2010-07-26 01:36:00, 51.7, 235
2010-07-26 01:42:00, 51.1, 229
2010-07-26 01:48:00, 50.7, 231
2010-07-26 01:54:00, 49.2, 236
2010-07-26 02:00:00, 49.8, 233
2010-07-26 02:06:00, 47.7, 235
2010-07-26 02:12:00, 44.9, 234
2010-07-26 02:18:00, 47.7, 231
2010-07-26 02:24:00, 41.2, 225
2010-07-26 02:30:00, 40.8, 231
2010-07-26 02:36:00, 42.7, 226
2010-07-26 02:42:00, 41.2, 227
2010-07-26 02:48:00, 26.8, 213
2010-07-26 02:54:00, 35.3, 209
2010-07-26 03:00:00, 34.8, 213
2010-07-26 03:06:00, 34.5, 217
2010-07-26 03:12:00, 25.6, 209
2010-07-26 03:18:00, 22.0, 204
2010-07-26 03:24:00, 24.2, 201
2010-07-26 03:30:00, 20.8, 193
2010-07-26 03:36:00, 19.6, 203
2010-07-26 03:42:00, 16.6, 189
2010-07-26 03:48:00, 16.9, 176
2010-07-26 03:54:00, 18.9, 170
2010-07-26 04:00:00, 16.9, 152
2010-07-26 04:06:00, 19.0, 147
2010-07-26 04:12:00, 20.2, 145
2010-07-26 04:18:00, 21.1, 149
2010-07-26 04:24:00, 26.1, 151
2010-07-26 04:30:00, 26.1, 143
2010-07-26 04:36:00, 28.1, 143
2010-07-26 04:42:00, 33.0, 126
2010-07-26 04:48:00, 34.9, 119
2010-07-26 04:54:00, 34.2, 114
2010-07-26 05:00:00, 37.3, 115
2010-07-26 05:06:00, 37.7, 110
2010-07-26 05:12:00, 38.1, 106
2010-07-26 05:18:00, 40.0, 106
2010-07-26 05:24:00, 42.7, 105
2010-07-26 05:30:00, 40.9, 103
2010-07-26 05:36:00, 47.1, 99
2010-07-26 05:42:00, 48.5, 105
2010-07-26 05:48:00, 48.6, 102
2010-07-26 05:54:00, 48.4, 96
2010-07-26 06:00:00, 49.0, 94
2010-07-26 06:06:00, 48.5, 88
2010-07-26 06:12:00, 46.6, 83
2010-07-26 06:18:00, 47.9, 85
2010-07-26 06:24:00, 49.9, 79
2010-07-26 06:30:00, 49.3, 73
2010-07-26 06:36:00, 51.6, 73
2010-07-26 06:42:00, 49.2, 69
2010-07-26 06:48:00, 43.1, 62
2010-07-26 06:54:00, 45.2, 60
2010-07-26 07:00:00, 53.5, 58
2010-07-26 07:06:00, 53.3, 55
2010-07-26 07:12:00, 51.7, 53
2010-07-26 07:18:00, 51.1, 52
2010-07-26 07:24:00, 51.1, 52
2010-07-26 07:30:00, 58.5, 55
2010-07-26 07:36:00, 58.1, 56
2010-07-26 07:42:00, 60.7, 57
2010-07-26 07:48:00, 64.3, 52
2010-07-26 07:54:00, 60.1, 51
2010-07-26 08:00:00, 58.0, 48
2010-07-26 08:06:00, 53.7, 50
2010-07-26 08:12:00, 53.6, 49
2010-07-26 08:18:00, 52.4, 51
2010-07-26 08:24:00, 52.3, 47
2010-07-26 08:30:00, 55.1, 50
2010-07-26 08:36:00, 51.5, 48
2010-07-26 08:42:00, 51.9, 45
2010-07-26 08:48:00, 48.8, 47
2010-07-26 08:54:00, 46.3, 46
2010-07-26 09:00:00, 47.5, 44
2010-07-26 09:06:00, 45.5, 44
2010-07-26 09:12:00, 43.8, 42
2010-07-26 09:18:00, 37.8, 39
2010-07-26 09:24:00, 39.8, 38
2010-07-26 09:30:00, 38.3, 36
2010-07-26 09:36:00, 36.8, 34
2010-07-26 09:42:00, 32.9, 30
2010-07-26 09:48:00, 32.0, 24
2010-07-26 09:54:00, 28.7, 21
2010-07-26 10:00:00, 25.0, 19
2010-07-26 10:06:00, 20.9, 15
2010-07-26 10:12:00, 22.1, 6
2010-07-26 10:18:00, 19.1, 1
2010-07-26 10:24:00, 18.2, 340
2010-07-26 10:30:00, 19.2, 325
2010-07-26 10:36:00, 18.4, 333
2010-07-26 10:42:00, 18.0, 303
2010-07-26 10:48:00, 25.8, 283
2010-07-26 10:54:00, 25.5, 283
2010-07-26 11:00:00, 32.8, 273
2010-07-26 11:06:00, 38.3, 274
2010-07-26 11:12:00, 37.6, 270
2010-07-26 11:18:00, 39.7, 271
2010-07-26 11:24:00, 43.5, 269
2010-07-26 11:30:00, 43.9, 264
2010-07-26 11:36:00, 49.5, 264
2010-07-26 11:42:00, 51.2, 258
2010-07-26 11:48:00, 54.2, 252
2010-07-26 11:54:00, 56.1, 252
2010-07-26 12:00:00, 60.4, 249
2010-07-26 12:06:00, 64.7, 240
2010-07-26 12:12:00, 64.2, 237
2010-07-26 12:18:00, 63.0, 242
2010-07-26 12:24:00, 64.7, 236
2010-07-26 12:30:00, 65.1, 238
2010-07-26 12:36:00, 67.0, 230
2010-07-26 12:42:00, 69.8, 235
2010-07-26 12:48:00, 65.5, 237
2010-07-26 12:54:00, 63.6, 237
2010-07-26 13:00:00, 61.1, 239
2010-07-26 13:06:00, 49.3, 231
2010-07-26 13:12:00, 64.1, 234
2010-07-26 13:18:00, 56.5, 237
2010-07-26 13:24:00, 49.3, 237
2010-07-26 13:30:00, 52.4, 240
2010-07-26 13:36:00, 67.8, 242
2010-07-26 13:42:00, 63.3, 238
2010-07-26 13:48:00, 66.0, 229
2010-07-26 13:54:00, 64.9, 237
2010-07-26 14:00:00, 54.8, 231
2010-07-26 14:06:00, 54.7, 234
2010-07-26 14:12:00, 61.8, 235
2010-07-26 14:18:00, 64.7, 237
2010-07-26 14:24:00, 63.6, 237
2010-07-26 14:30:00, 67.1, 237
2010-07-26 14:36:00, 52.7, 232
2010-07-26 14:42:00, 56.0, 236
2010-07-26 14:48:00, 44.3, 227
2010-07-26 14:54:00, 32.3, 220
2010-07-26 15:00:00, 30.0, 216
2010-07-26 15:06:00, 33.5, 215
2010-07-26 15:12:00, 31.3, 212
2010-07-26 15:18:00, 30.1, 209
2010-07-26 15:24:00, 28.4, 208
2010-07-26 15:30:00, 27.1, 202
2010-07-26 15:36:00, 25.7, 208
2010-07-26 15:42:00, 24.7, 208
2010-07-26 15:48:00, 22.8, 202
2010-07-26 15:54:00, 21.7, 197
2010-07-26 16:00:00, 19.6, 199
2010-07-26 16:06:00, 19.7, 196
2010-07-26 16:12:00, 20.6, 195
2010-07-26 16:18:00, 21.1, 186
2010-07-26 16:24:00, 24.2, 169
2010-07-26 16:30:00, 23.6, 160
2010-07-26 16:36:00, 26.7, 157
2010-07-26 16:42:00, 25.6, 150
2010-07-26 16:48:00, 26.8, 145
2010-07-26 16:54:00, 31.5, 144
2010-07-26 17:00:00, 29.7, 144
2010-07-26 17:06:00, 32.9, 140
2010-07-26 17:12:00, 34.1, 137
2010-07-26 17:18:00, 33.2, 128
2010-07-26 17:24:00, 36.1, 121
2010-07-26 17:30:00, 32.3, 128
2010-07-26 17:36:00, 31.0, 121
2010-07-26 17:42:00, 33.7, 114
2010-07-26 17:48:00, 39.7, 113
2010-07-26 17:54:00, 38.6, 109
2010-07-26 18:00:00, 38.3, 99
2010-07-26 18:06:00, 44.0, 99
2010-07-26 18:12:00, 41.8, 97
2010-07-26 18:18:00, 47.0, 102
2010-07-26 18:24:00, 47.3, 95
2010-07-26 18:30:00, 48.6, 93
2010-07-26 18:36:00, 48.6, 91
2010-07-26 18:42:00, 48.9, 88
2010-07-26 18:48:00, 47.4, 87
2010-07-26 18:54:00, 45.0, 81
2010-07-26 19:00:00, 43.7, 81
2010-07-26 19:06:00, 41.3, 75
2010-07-26 19:12:00, 41.1, 71
2010-07-26 19:18:00, 40.7, 67
2010-07-26 19:24:00, 40.2, 67
2010-07-26 19:30:00, 39.3, 59
2010-07-26 19:36:00, 45.5, 57
2010-07-26 19:42:00, 46.2, 57
2010-07-26 19:48:00, 43.3, 52
2010-07-26 19:54:00, 40.3, 49
2010-07-26 20:00:00, 43.5, 49
2010-07-26 20:06:00, 46.0, 46
2010-07-26 20:12:00, 49.8, 46
2010-07-26 20:18:00, 47.2, 51
2010-07-26 20:24:00, 53.9, 52
2010-07-26 20:30:00, 49.9, 50
2010-07-26 20:36:00, 46.3, 49
2010-07-26 20:42:00, 43.5, 46
2010-07-26 20:48:00, 41.3, 44
2010-07-26 20:54:00, 44.6, 44
2010-07-26 21:00:00, 42.9, 43
2010-07-26 21:06:00, 42.9, 40
2010-07-26 21:12:00, 40.9, 37
2010-07-26 21:18:00, 40.0, 33
2010-07-26 21:24:00, 36.3, 36
2010-07-26 21:30:00, 34.9, 31
2010-07-26 21:36:00, 32.5, 31
2010-07-26 21:42:00, 31.6, 29
2010-07-26 21:48:00, 27.5, 28
2010-07-26 21:54:00, 23.2, 17
2010-07-26 22:00:00, 22.3, 6
2010-07-26 22:06:00, 21.8, 11
2010-07-26 22:12:00, 22.4, 6
2010-07-26 22:18:00, 18.8, 358
2010-07-26 22:24:00, 17.5, 340
2010-07-26 22:30:00, 18.3, 339
2010-07-26 22:36:00, 16.1, 324
2010-07-26 22:42:00, 17.1, 306
2010-07-26 22:48:00, 14.6, 305
2010-07-26 22:54:00, 18.6, 304
2010-07-26 23:00:00, 23.3, 279
2010-07-26 23:06:00, 27.6, 282
2010-07-26 23:12:00, 28.3, 269
2010-07-26 23:18:00, 36.4, 269
2010-07-26 23:24:00, 38.0, 267
2010-07-26 23:30:00, 41.6, 267
2010-07-26 23:36:00, 38.9, 264
2010-07-26 23:42:00, 40.1, 256
2010-07-26 23:48:00, 44.1, 251
2010-07-26 23:54:00, 47.8, 255
2010-07-27 00:00:00, 49.3, 243
2010-07-27 00:06:00, 52.8, 243
2010-07-27 00:12:00, 58.0, 243
2010-07-27 00:18:00, 55.1, 240
2010-07-27 00:24:00, 52.4, 240
2010-07-27 00:30:00, 62.6, 239
2010-07-27 00:36:00, 66.3, 244
2010-07-27 00:42:00, 61.3, 239
2010-07-27 00:48:00, 57.8, 238
2010-07-27 00:54:00, 63.3, 241
2010-07-27 01:00:00, 61.1, 238
2010-07-27 01:06:00, 59.8, 238
2010-07-27 01:12:00, 62.5, 238
2010-07-27 01:18:00, 55.1, 244
2010-07-27 01:24:00, 52.2, 237
2010-07-27 01:30:00, 58.6, 237
2010-07-27 01:36:00, 57.2, 240
2010-07-27 01:42:00, 55.8, 237
2010-07-27 01:48:00, 53.0, 235
2010-07-27 01:54:00, 55.2, 236
2010-07-27 02:00:00, 58.6, 235
2010-07-27 02:06:00, 55.2, 234
2010-07-27 02:12:00, 51.0, 227
2010-07-27 02:18:00, 59.6, 234
2010-07-27 02:24:00, 56.6, 233
2010-07-27 02:30:00, 61.1, 237
2010-07-27 02:36:00, 51.9, 228
2010-07-27 02:42:00, 53.1, 230
2010-07-27 02:48:00, 45.4, 228
2010-07-27 02:54:00, 44.8, 228
2010-07-27 03:00:00, 31.1, 218
2010-07-27 03:06:00, 41.5, 219
2010-07-27 03:12:00, 42.7, 215
2010-07-27 03:18:00, 42.2, 216
2010-07-27 03:24:00, 35.2, 212
2010-07-27 03:30:00, 35.9, 209
2010-07-27 03:36:00, 30.8, 210
2010-07-27 03:42:00, 30.3, 213
2010-07-27 03:48:00, 29.1, 212
2010-07-27 03:54:00, 30.7, 214
2010-07-27 04:00:00, 25.3, 209
2010-07-27 04:06:00, 22.2, 201
2010-07-27 04:12:00, 19.3, 179
2010-07-27 04:18:00, 19.1, 180
2010-07-27 04:24:00, 17.3, 178
2010-07-27 04:30:00, 17.5, 165
2010-07-27 04:36:00, 20.7, 157
2010-07-27 04:42:00, 23.0, 156
2010-07-27 04:48:00, 24.2, 141
2010-07-27 04:54:00, 25.5, 144
2010-07-27 05:00:00, 27.4, 143
2010-07-27 05:06:00, 28.3, 141
2010-07-27 05:12:00, 33.4, 141
2010-07-27 05:18:00, 33.0, 136
2010-07-27 05:24:00, 33.7, 127
2010-07-27 05:30:00, 38.6, 125
2010-07-27 05:36:00, 35.7, 117
2010-07-27 05:42:00, 39.2, 116
2010-07-27 05:48:00, 39.5, 108
2010-07-27 05:54:00, 42.4, 106
2010-07-27 06:00:00, 41.1, 103
2010-07-27 06:06:00, 40.4, 103
2010-07-27 06:12:00, 45.3, 99
2010-07-27 06:18:00, 47.8, 102
2010-07-27 06:24:00, 52.4, 99
2010-07-27 06:30:00, 53.8, 96
2010-07-27 06:36:00, 53.6, 96
2010-07-27 06:42:00, 50.8, 92
2010-07-27 06:48:00, 50.7, 91
2010-07-27 06:54:00, 49.0, 86
2010-07-27 07:00:00, 50.5, 84
2010-07-27 07:06:00, 50.4, 81
2010-07-27 07:12:00, 47.4, 76
2010-07-27 07:18:00, 45.4, 73
2010-07-27 07:24:00, 48.1, 65
2010-07-27 07:30:00, 44.3, 57
2010-07-27 07:36:00, 42.1, 54
2010-07-27 07:42:00, 48.7, 55
2010-07-27 07:48:00, 49.8, 53
2010-07-27 07:54:00, 47.8, 50
2010-07-27 08:00:00, 49.4, 51
2010-07-27 08:06:00, 52.9, 54
2010-07-27 08:12:00, 53.2, 57
2010-07-27 08:18:00, 54.1, 55
2010-07-27 08:24:00, 56.8, 54
2010-07-27 08:30:00, 52.0, 51
2010-07-27 08:36:00, 55.1, 50
2010-07-27 08:42:00, 55.8, 51
2010-07-27 08:48:00, 52.5, 49
2010-07-27 08:54:00, 51.1, 48
2010-07-27 09:00:00, 52.3, 45
2010-07-27 09:06:00, 49.3, 45
2010-07-27 09:12:00, 50.4, 43
2010-07-27 09:18:00, 50.2, 46
2010-07-27 09:24:00, 47.5, 44
2010-07-27 09:30:00, 45.4, 44
2010-07-27 09:36:00, 46.2, 39
2010-07-27 09:42:00, 44.6, 42
2010-07-27 09:48:00, 41.4, 41
2010-07-27 09:54:00, 41.5, 35
2010-07-27 10:00:00, 37.5, 34
2010-07-27 10:06:00, 36.2, 30
2010-07-27 10:12:00, 33.0, 30
2010-07-27 10:18:00, 31.1, 22
2010-07-27 10:24:00, 29.3, 27
2010-07-27 10:30:00, 27.6, 16
2010-07-27 10:36:00, 28.7, 11
2010-07-27 10:42:00, 23.5, 13
2010-07-27 10:48:00, 25.4, 20
2010-07-27 10:54:00, 21.2, 354
2010-07-27 11:00:00, 16.4, 339
2010-07-27 11:06:00, 11.3, 341
2010-07-27 11:12:00, 14.7, 320
2010-07-27 11:18:00, 14.8, 298
2010-07-27 11:24:00, 17.6, 282
2010-07-27 11:30:00, 20.7, 274
2010-07-27 11:36:00, 26.5, 272
2010-07-27 11:42:00, 33.7, 268
2010-07-27 11:48:00, 39.3, 266
2010-07-27 11:54:00, 40.3, 267
2010-07-27 12:00:00, 44.6, 264
2010-07-27 12:06:00, 46.8, 261
2010-07-27 12:12:00, 49.1, 255
2010-07-27 12:18:00, 49.2, 251
2010-07-27 12:24:00, 48.8, 246
2010-07-27 12:30:00, 51.4, 245
2010-07-27 12:36:00, 53.6, 239
2010-07-27 12:42:00, 51.5, 234
2010-07-27 12:48:00, 58.8, 240
2010-07-27 12:54:00, 61.3, 240
2010-07-27 13:00:00, 65.7, 241
2010-07-27 13:06:00, 66.2, 239
2010-07-27 13:12:00, 68.1, 238
2010-07-27 13:18:00, 57.5, 242
2010-07-27 13:24:00, 58.0, 245
2010-07-27 13:30:00, 61.2, 244
2010-07-27 13:36:00, 70.6, 241
2010-07-27 13:42:00, 65.6, 238
2010-07-27 13:48:00, 63.6, 237
2010-07-27 13:54:00, 60.9, 238
2010-07-27 14:00:00, 58.6, 239
2010-07-27 14:06:00, 67.3, 242
2010-07-27 14:12:00, 66.2, 239
2010-07-27 14:18:00, 69.1, 239
2010-07-27 14:24:00, 63.5, 239
2010-07-27 14:30:00, 59.4, 236
2010-07-27 14:36:00, 59.4, 231
2010-07-27 14:42:00, 58.7, 233
2010-07-27 14:48:00, 64.3, 238
2010-07-27 14:54:00, 54.6, 238
2010-07-27 15:00:00, 58.1, 232
2010-07-27 15:06:00, 57.9, 230
2010-07-27 15:12:00, 43.0, 222
2010-07-27 15:18:00, 38.9, 222
2010-07-27 15:24:00, 40.6, 223
2010-07-27 15:30:00, 37.9, 214
2010-07-27 15:36:00, 37.7, 218
2010-07-27 15:42:00, 38.9, 222
2010-07-27 15:48:00, 33.9, 212
2010-07-27 15:54:00, 35.1, 218
2010-07-27 16:00:00, 30.7, 217
2010-07-27 16:06:00, 31.9, 215
2010-07-27 16:12:00, 27.0, 214
2010-07-27 16:18:00, 26.5, 210
2010-07-27 16:24:00, 27.4, 212
2010-07-27 16:30:00, 25.6, 215
2010-07-27 16:36:00, 20.6, 200
2010-07-27 16:42:00, 18.7, 197
2010-07-27 16:48:00, 17.0, 197
2010-07-27 16:54:00, 17.1, 181
2010-07-27 17:00:00, 18.9, 149
2010-07-27 17:06:00, 15.5, 151
2010-07-27 17:12:00, 23.5, 149
2010-07-27 17:18:00, 23.4, 150
2010-07-27 17:24:00, 26.3, 152
2010-07-27 17:30:00, 27.5, 146
2010-07-27 17:36:00, 28.3, 141
2010-07-27 17:42:00, 30.9, 136
2010-07-27 17:48:00, 30.2, 131
2010-07-27 17:54:00, 34.2, 121
2010-07-27 18:00:00, 34.3, 123
2010-07-27 18:06:00, 34.3, 119
2010-07-27 18:12:00, 32.7, 120
2010-07-27 18:18:00, 34.5, 114
2010-07-27 18:24:00, 4.5, 33
2010-07-27 18:30:00, 7.4, 76
